seed_phrase,normalised_phrase,source_id,source_url,objective_guess,extraction_rule,excerpt
biodiversity,biodiversity,taxonomy_2020_852,https://eur-lex.europa.eu/eli/reg/2020/852/oj/eng,six environmental objectives (organising),CONCEPT_HEADING,biodiversity
transition to a circular economy,transition to a circular economy,taxonomy_2020_852,https://eur-lex.europa.eu/eli/reg/2020/852/oj/eng,six environmental objectives (organising),CONCEPT_HEADING,transition to a circular economy
pollution prevention and control,pollution prevention and control,taxonomy_2020_852,https://eur-lex.europa.eu/eli/reg/2020/852/oj/eng,six environmental objectives (organising),CONCEPT_HEADING,pollution prevention and control
ecosystems,ecosystems,taxonomy_2020_852,https://eur-lex.europa.eu/eli/reg/2020/852/oj/eng,six environmental objectives (organising),CONCEPT_HEADING,ecosystems
Circular Economy,circular economy,taxonomy_2020_852,https://eur-lex.europa.eu/eli/reg/2020/852/oj/eng,six environmental objectives (organising),CONCEPT_HEADING,Circular Economy
ecosystem,ecosystem,taxonomy_2020_852,https://eur-lex.europa.eu/eli/reg/2020/852/oj/eng,six environmental objectives (organising),CONCEPT_HEADING,ecosystem
energy efficiency,energy efficiency,taxonomy_2020_852,https://eur-lex.europa.eu/eli/reg/2020/852/oj/eng,six environmental objectives (organising),CONCEPT_HEADING,energy efficiency
ecodesign,ecodesign,taxonomy_2020_852,https://eur-lex.europa.eu/eli/reg/2020/852/oj/eng,six environmental objectives (organising),CONCEPT_HEADING,ecodesign
climate change mitigation,climate change mitigation,taxonomy_2020_852,https://eur-lex.europa.eu/eli/reg/2020/852/oj/eng,six environmental objectives (organising),CONCEPT_HEADING,climate change mitigation
renewable energy,renewable energy,taxonomy_2020_852,https://eur-lex.europa.eu/eli/reg/2020/852/oj/eng,six environmental objectives (organising),CONCEPT_HEADING,renewable energy
carbon capture,carbon capture,taxonomy_2020_852,https://eur-lex.europa.eu/eli/reg/2020/852/oj/eng,six environmental objectives (organising),CONCEPT_HEADING,carbon capture
waste prevention,waste prevention,taxonomy_2020_852,https://eur-lex.europa.eu/eli/reg/2020/852/oj/eng,six environmental objectives (organising),CONCEPT_HEADING,waste prevention
Afforestation,afforestation,climate_da_2021_2139_20260101,https://eur-lex.europa.eu/eli/reg_del/2021/2139/2026-01-01/eng,1 Climate change mitigation | 2 Climate change adaptation,ANNEX_ACTIVITY,1.1 Afforestation
"Rehabilitation and restoration of forests, including refor estation and",rehabilitation and restoration of forests including refor estation and,climate_da_2021_2139_20260101,https://eur-lex.europa.eu/eli/reg_del/2021/2139/2026-01-01/eng,1 Climate change mitigation | 2 Climate change adaptation,ANNEX_ACTIVITY,"1.2 Rehabilitation and restoration of forests, including refor estation and"
Forest management,forest management,climate_da_2021_2139_20260101,https://eur-lex.europa.eu/eli/reg_del/2021/2139/2026-01-01/eng,1 Climate change mitigation | 2 Climate change adaptation,ANNEX_ACTIVITY,1.3 Forest management
Conservation forestry,conservation forestry,climate_da_2021_2139_20260101,https://eur-lex.europa.eu/eli/reg_del/2021/2139/2026-01-01/eng,1 Climate change mitigation | 2 Climate change adaptation,ANNEX_ACTIVITY,1.4 Conservation forestry
Restoration of wetlands,restoration of wetlands,climate_da_2021_2139_20260101,https://eur-lex.europa.eu/eli/reg_del/2021/2139/2026-01-01/eng,1 Climate change mitigation | 2 Climate change adaptation,ANNEX_ACTIVITY,2.1 Restoration of wetlands
Manufacture of renewable energy technologies,manufacture of renewable energy technologies,climate_da_2021_2139_20260101,https://eur-lex.europa.eu/eli/reg_del/2021/2139/2026-01-01/eng,1 Climate change mitigation | 2 Climate change adaptation,ANNEX_ACTIVITY,3.1 Manufacture of renewable energy technologies
Manufacture of equipment for the production and use of hyd rogen,manufacture of equipment for the production and use of hyd rogen,climate_da_2021_2139_20260101,https://eur-lex.europa.eu/eli/reg_del/2021/2139/2026-01-01/eng,1 Climate change mitigation | 2 Climate change adaptation,ANNEX_ACTIVITY,3.2 Manufacture of equipment for the production and use of hyd rogen
Manufacture of low carbon technologies for transport,manufacture of low carbon technologies for transport,climate_da_2021_2139_20260101,https://eur-lex.europa.eu/eli/reg_del/2021/2139/2026-01-01/eng,1 Climate change mitigation | 2 Climate change adaptation,ANNEX_ACTIVITY,3.3 Manufacture of low carbon technologies for transport
Manufacture of batteries,manufacture of batteries,climate_da_2021_2139_20260101,https://eur-lex.europa.eu/eli/reg_del/2021/2139/2026-01-01/eng,1 Climate change mitigation | 2 Climate change adaptation,ANNEX_ACTIVITY,3.4 Manufacture of batteries
Manufacture of energy efficiency equipment for buildings,manufacture of energy efficiency equipment for buildings,climate_da_2021_2139_20260101,https://eur-lex.europa.eu/eli/reg_del/2021/2139/2026-01-01/eng,1 Climate change mitigation | 2 Climate change adaptation,ANNEX_ACTIVITY,3.5 Manufacture of energy efficiency equipment for buildings
Manufacture of other low carbon technologies,manufacture of other low carbon technologies,climate_da_2021_2139_20260101,https://eur-lex.europa.eu/eli/reg_del/2021/2139/2026-01-01/eng,1 Climate change mitigation | 2 Climate change adaptation,ANNEX_ACTIVITY,3.6 Manufacture of other low carbon technologies
Manufacture of cement,manufacture of cement,climate_da_2021_2139_20260101,https://eur-lex.europa.eu/eli/reg_del/2021/2139/2026-01-01/eng,1 Climate change mitigation | 2 Climate change adaptation,ANNEX_ACTIVITY,3.7 Manufacture of cement
Manufacture of aluminium,manufacture of aluminium,climate_da_2021_2139_20260101,https://eur-lex.europa.eu/eli/reg_del/2021/2139/2026-01-01/eng,1 Climate change mitigation | 2 Climate change adaptation,ANNEX_ACTIVITY,3.8 Manufacture of aluminium
Manufacture of iron and steel,manufacture of iron and steel,climate_da_2021_2139_20260101,https://eur-lex.europa.eu/eli/reg_del/2021/2139/2026-01-01/eng,1 Climate change mitigation | 2 Climate change adaptation,ANNEX_ACTIVITY,3.9 Manufacture of iron and steel
Manufacture of hydrogen,manufacture of hydrogen,climate_da_2021_2139_20260101,https://eur-lex.europa.eu/eli/reg_del/2021/2139/2026-01-01/eng,1 Climate change mitigation | 2 Climate change adaptation,ANNEX_ACTIVITY,3.10 Manufacture of hydrogen
Manufacture of carbon black,manufacture of carbon black,climate_da_2021_2139_20260101,https://eur-lex.europa.eu/eli/reg_del/2021/2139/2026-01-01/eng,1 Climate change mitigation | 2 Climate change adaptation,ANNEX_ACTIVITY,3.11 Manufacture of carbon black
Manufacture of soda ash,manufacture of soda ash,climate_da_2021_2139_20260101,https://eur-lex.europa.eu/eli/reg_del/2021/2139/2026-01-01/eng,1 Climate change mitigation | 2 Climate change adaptation,ANNEX_ACTIVITY,3.12 Manufacture of soda ash
Manufacture of chlorine,manufacture of chlorine,climate_da_2021_2139_20260101,https://eur-lex.europa.eu/eli/reg_del/2021/2139/2026-01-01/eng,1 Climate change mitigation | 2 Climate change adaptation,ANNEX_ACTIVITY,3.13 Manufacture of chlorine
Manufacture of organic basic chemicals,manufacture of organic basic chemicals,climate_da_2021_2139_20260101,https://eur-lex.europa.eu/eli/reg_del/2021/2139/2026-01-01/eng,1 Climate change mitigation | 2 Climate change adaptation,ANNEX_ACTIVITY,3.14 Manufacture of organic basic chemicals
Manufacture of anhydrous ammonia,manufacture of anhydrous ammonia,climate_da_2021_2139_20260101,https://eur-lex.europa.eu/eli/reg_del/2021/2139/2026-01-01/eng,1 Climate change mitigation | 2 Climate change adaptation,ANNEX_ACTIVITY,3.15 Manufacture of anhydrous ammonia
Manufacture of nitric acid,manufacture of nitric acid,climate_da_2021_2139_20260101,https://eur-lex.europa.eu/eli/reg_del/2021/2139/2026-01-01/eng,1 Climate change mitigation | 2 Climate change adaptation,ANNEX_ACTIVITY,3.16 Manufacture of nitric acid
Manufacture of plastics in primary form,manufacture of plastics in primary form,climate_da_2021_2139_20260101,https://eur-lex.europa.eu/eli/reg_del/2021/2139/2026-01-01/eng,1 Climate change mitigation | 2 Climate change adaptation,ANNEX_ACTIVITY,3.17 Manufacture of plastics in primary form
Electricity generation using solar photovoltaic technology,electricity generation using solar photovoltaic technology,climate_da_2021_2139_20260101,https://eur-lex.europa.eu/eli/reg_del/2021/2139/2026-01-01/eng,1 Climate change mitigation | 2 Climate change adaptation,ANNEX_ACTIVITY,4.1 Electricity generation using solar photovoltaic technology
Electricity generation using concentrated solar power (CSP ) technology,electricity generation using concentrated solar power csp technology,climate_da_2021_2139_20260101,https://eur-lex.europa.eu/eli/reg_del/2021/2139/2026-01-01/eng,1 Climate change mitigation | 2 Climate change adaptation,ANNEX_ACTIVITY,4.2 Electricity generation using concentrated solar power (CSP ) technology
Electricity generation from wind power,electricity generation from wind power,climate_da_2021_2139_20260101,https://eur-lex.europa.eu/eli/reg_del/2021/2139/2026-01-01/eng,1 Climate change mitigation | 2 Climate change adaptation,ANNEX_ACTIVITY,4.3 Electricity generation from wind power
Electricity generation from ocean energy technologies,electricity generation from ocean energy technologies,climate_da_2021_2139_20260101,https://eur-lex.europa.eu/eli/reg_del/2021/2139/2026-01-01/eng,1 Climate change mitigation | 2 Climate change adaptation,ANNEX_ACTIVITY,4.4 Electricity generation from ocean energy technologies
Electricity generation from hydropower,electricity generation from hydropower,climate_da_2021_2139_20260101,https://eur-lex.europa.eu/eli/reg_del/2021/2139/2026-01-01/eng,1 Climate change mitigation | 2 Climate change adaptation,ANNEX_ACTIVITY,4.5 Electricity generation from hydropower
Electricity generation from geothermal energy,electricity generation from geothermal energy,climate_da_2021_2139_20260101,https://eur-lex.europa.eu/eli/reg_del/2021/2139/2026-01-01/eng,1 Climate change mitigation | 2 Climate change adaptation,ANNEX_ACTIVITY,4.6 Electricity generation from geothermal energy
Electricity generation from renewable non-fossil gaseous a nd liquid fuels,electricity generation from renewable non fossil gaseous a nd liquid fuels,climate_da_2021_2139_20260101,https://eur-lex.europa.eu/eli/reg_del/2021/2139/2026-01-01/eng,1 Climate change mitigation | 2 Climate change adaptation,ANNEX_ACTIVITY,4.7 Electricity generation from renewable non-fossil gaseous a nd liquid fuels
Electricity generation from bioenergy,electricity generation from bioenergy,climate_da_2021_2139_20260101,https://eur-lex.europa.eu/eli/reg_del/2021/2139/2026-01-01/eng,1 Climate change mitigation | 2 Climate change adaptation,ANNEX_ACTIVITY,4.8 Electricity generation from bioenergy
Transmission and distribution of electricity,transmission and distribution of electricity,climate_da_2021_2139_20260101,https://eur-lex.europa.eu/eli/reg_del/2021/2139/2026-01-01/eng,1 Climate change mitigation | 2 Climate change adaptation,ANNEX_ACTIVITY,4.9 Transmission and distribution of electricity
Storage of electricity,storage of electricity,climate_da_2021_2139_20260101,https://eur-lex.europa.eu/eli/reg_del/2021/2139/2026-01-01/eng,1 Climate change mitigation | 2 Climate change adaptation,ANNEX_ACTIVITY,4.10 Storage of electricity
Storage of thermal energy,storage of thermal energy,climate_da_2021_2139_20260101,https://eur-lex.europa.eu/eli/reg_del/2021/2139/2026-01-01/eng,1 Climate change mitigation | 2 Climate change adaptation,ANNEX_ACTIVITY,4.11 Storage of thermal energy
Storage of hydrogen,storage of hydrogen,climate_da_2021_2139_20260101,https://eur-lex.europa.eu/eli/reg_del/2021/2139/2026-01-01/eng,1 Climate change mitigation | 2 Climate change adaptation,ANNEX_ACTIVITY,4.12 Storage of hydrogen
Manufacture of biogas and biofuels for use in transport a nd of bioliquids,manufacture of biogas and biofuels for use in transport a nd of bioliquids,climate_da_2021_2139_20260101,https://eur-lex.europa.eu/eli/reg_del/2021/2139/2026-01-01/eng,1 Climate change mitigation | 2 Climate change adaptation,ANNEX_ACTIVITY,4.13 Manufacture of biogas and biofuels for use in transport a nd of bioliquids
Transmission and distribution networks for renewable and low-carbon,transmission and distribution networks for renewable and low carbon,climate_da_2021_2139_20260101,https://eur-lex.europa.eu/eli/reg_del/2021/2139/2026-01-01/eng,1 Climate change mitigation | 2 Climate change adaptation,ANNEX_ACTIVITY,4.14 Transmission and distribution networks for renewable and low-carbon
District heating/cooling distribution,district heating cooling distribution,climate_da_2021_2139_20260101,https://eur-lex.europa.eu/eli/reg_del/2021/2139/2026-01-01/eng,1 Climate change mitigation | 2 Climate change adaptation,ANNEX_ACTIVITY,4.15 District heating/cooling distribution
Installation and operation of electric heat pumps,installation and operation of electric heat pumps,climate_da_2021_2139_20260101,https://eur-lex.europa.eu/eli/reg_del/2021/2139/2026-01-01/eng,1 Climate change mitigation | 2 Climate change adaptation,ANNEX_ACTIVITY,4.16 Installation and operation of electric heat pumps
Cogeneration of heat/cool and power from solar energy,cogeneration of heat cool and power from solar energy,climate_da_2021_2139_20260101,https://eur-lex.europa.eu/eli/reg_del/2021/2139/2026-01-01/eng,1 Climate change mitigation | 2 Climate change adaptation,ANNEX_ACTIVITY,4.17 Cogeneration of heat/cool and power from solar energy
Cogeneration of heat/cool and power from geothermal energ y,cogeneration of heat cool and power from geothermal energ y,climate_da_2021_2139_20260101,https://eur-lex.europa.eu/eli/reg_del/2021/2139/2026-01-01/eng,1 Climate change mitigation | 2 Climate change adaptation,ANNEX_ACTIVITY,4.18 Cogeneration of heat/cool and power from geothermal energ y
Cogeneration of heat/cool and power from renewable non-fo ssil gaseous,cogeneration of heat cool and power from renewable non fo ssil gaseous,climate_da_2021_2139_20260101,https://eur-lex.europa.eu/eli/reg_del/2021/2139/2026-01-01/eng,1 Climate change mitigation | 2 Climate change adaptation,ANNEX_ACTIVITY,4.19 Cogeneration of heat/cool and power from renewable non-fo ssil gaseous
Cogeneration of heat/cool and power from bioenergy,cogeneration of heat cool and power from bioenergy,climate_da_2021_2139_20260101,https://eur-lex.europa.eu/eli/reg_del/2021/2139/2026-01-01/eng,1 Climate change mitigation | 2 Climate change adaptation,ANNEX_ACTIVITY,4.20 Cogeneration of heat/cool and power from bioenergy
Production of heat/cool from solar thermal heating,production of heat cool from solar thermal heating,climate_da_2021_2139_20260101,https://eur-lex.europa.eu/eli/reg_del/2021/2139/2026-01-01/eng,1 Climate change mitigation | 2 Climate change adaptation,ANNEX_ACTIVITY,4.21 Production of heat/cool from solar thermal heating
Production of heat/cool from geothermal energy,production of heat cool from geothermal energy,climate_da_2021_2139_20260101,https://eur-lex.europa.eu/eli/reg_del/2021/2139/2026-01-01/eng,1 Climate change mitigation | 2 Climate change adaptation,ANNEX_ACTIVITY,4.22 Production of heat/cool from geothermal energy
Production of heat/cool from renewable non-fossil gaseous and liquid,production of heat cool from renewable non fossil gaseous and liquid,climate_da_2021_2139_20260101,https://eur-lex.europa.eu/eli/reg_del/2021/2139/2026-01-01/eng,1 Climate change mitigation | 2 Climate change adaptation,ANNEX_ACTIVITY,4.23 Production of heat/cool from renewable non-fossil gaseous and liquid
Production of heat/cool from bioenergy,production of heat cool from bioenergy,climate_da_2021_2139_20260101,https://eur-lex.europa.eu/eli/reg_del/2021/2139/2026-01-01/eng,1 Climate change mitigation | 2 Climate change adaptation,ANNEX_ACTIVITY,4.24 Production of heat/cool from bioenergy
Production of heat/cool using waste heat,production of heat cool using waste heat,climate_da_2021_2139_20260101,https://eur-lex.europa.eu/eli/reg_del/2021/2139/2026-01-01/eng,1 Climate change mitigation | 2 Climate change adaptation,ANNEX_ACTIVITY,4.25 Production of heat/cool using waste heat
Pre-commercial stages of advanced technologies to produce energy from,pre commercial stages of advanced technologies to produce energy from,climate_da_2021_2139_20260101,https://eur-lex.europa.eu/eli/reg_del/2021/2139/2026-01-01/eng,1 Climate change mitigation | 2 Climate change adaptation,ANNEX_ACTIVITY,4.26 Pre-commercial stages of advanced technologies to produce energy from
"Construction and safe operation of new nuclear power plan ts, for the",construction and safe operation of new nuclear power plan ts for the,climate_da_2021_2139_20260101,https://eur-lex.europa.eu/eli/reg_del/2021/2139/2026-01-01/eng,1 Climate change mitigation | 2 Climate change adaptation,ANNEX_ACTIVITY,"4.27 Construction and safe operation of new nuclear power plan ts, for the"
Electricity generation from nuclear energy in existing in stallations,electricity generation from nuclear energy in existing in stallations,climate_da_2021_2139_20260101,https://eur-lex.europa.eu/eli/reg_del/2021/2139/2026-01-01/eng,1 Climate change mitigation | 2 Climate change adaptation,ANNEX_ACTIVITY,4.28 Electricity generation from nuclear energy in existing in stallations
Electricity generation from fossil gaseous fuels,electricity generation from fossil gaseous fuels,climate_da_2021_2139_20260101,https://eur-lex.europa.eu/eli/reg_del/2021/2139/2026-01-01/eng,1 Climate change mitigation | 2 Climate change adaptation,ANNEX_ACTIVITY,4.29 Electricity generation from fossil gaseous fuels
High-efficiency co-generation of heat/cool and power from fossil gaseous,high efficiency co generation of heat cool and power from fossil gaseous,climate_da_2021_2139_20260101,https://eur-lex.europa.eu/eli/reg_del/2021/2139/2026-01-01/eng,1 Climate change mitigation | 2 Climate change adaptation,ANNEX_ACTIVITY,4.30 High-efficiency co-generation of heat/cool and power from fossil gaseous
Production of heat/cool from fossil gaseous fuels in an e fficient district,production of heat cool from fossil gaseous fuels in an e fficient district,climate_da_2021_2139_20260101,https://eur-lex.europa.eu/eli/reg_del/2021/2139/2026-01-01/eng,1 Climate change mitigation | 2 Climate change adaptation,ANNEX_ACTIVITY,4.31 Production of heat/cool from fossil gaseous fuels in an e fficient district
"Construction, extension and operation of water collection, treatment and",construction extension and operation of water collection treatment and,climate_da_2021_2139_20260101,https://eur-lex.europa.eu/eli/reg_del/2021/2139/2026-01-01/eng,1 Climate change mitigation | 2 Climate change adaptation,ANNEX_ACTIVITY,"5.1 Construction, extension and operation of water collection, treatment and"
"Renewal of water collection, treatment and supply systems",renewal of water collection treatment and supply systems,climate_da_2021_2139_20260101,https://eur-lex.europa.eu/eli/reg_del/2021/2139/2026-01-01/eng,1 Climate change mitigation | 2 Climate change adaptation,ANNEX_ACTIVITY,"5.2 Renewal of water collection, treatment and supply systems"
"Construction, extension and operation of waste water colle ction and",construction extension and operation of waste water colle ction and,climate_da_2021_2139_20260101,https://eur-lex.europa.eu/eli/reg_del/2021/2139/2026-01-01/eng,1 Climate change mitigation | 2 Climate change adaptation,ANNEX_ACTIVITY,"5.3 Construction, extension and operation of waste water colle ction and"
Renewal of waste water collection and treatment,renewal of waste water collection and treatment,climate_da_2021_2139_20260101,https://eur-lex.europa.eu/eli/reg_del/2021/2139/2026-01-01/eng,1 Climate change mitigation | 2 Climate change adaptation,ANNEX_ACTIVITY,5.4 Renewal of waste water collection and treatment
Collection and transport of non-hazardous waste in source segregated,collection and transport of non hazardous waste in source segregated,climate_da_2021_2139_20260101,https://eur-lex.europa.eu/eli/reg_del/2021/2139/2026-01-01/eng,1 Climate change mitigation | 2 Climate change adaptation,ANNEX_ACTIVITY,5.5 Collection and transport of non-hazardous waste in source segregated
Anaerobic digestion of sewage sludge,anaerobic digestion of sewage sludge,climate_da_2021_2139_20260101,https://eur-lex.europa.eu/eli/reg_del/2021/2139/2026-01-01/eng,1 Climate change mitigation | 2 Climate change adaptation,ANNEX_ACTIVITY,5.6 Anaerobic digestion of sewage sludge
Anaerobic digestion of bio-waste,anaerobic digestion of bio waste,climate_da_2021_2139_20260101,https://eur-lex.europa.eu/eli/reg_del/2021/2139/2026-01-01/eng,1 Climate change mitigation | 2 Climate change adaptation,ANNEX_ACTIVITY,5.7 Anaerobic digestion of bio-waste
Composting of bio-waste,composting of bio waste,climate_da_2021_2139_20260101,https://eur-lex.europa.eu/eli/reg_del/2021/2139/2026-01-01/eng,1 Climate change mitigation | 2 Climate change adaptation,ANNEX_ACTIVITY,5.8 Composting of bio-waste
Material recovery from non-hazardous waste,material recovery from non hazardous waste,climate_da_2021_2139_20260101,https://eur-lex.europa.eu/eli/reg_del/2021/2139/2026-01-01/eng,1 Climate change mitigation | 2 Climate change adaptation,ANNEX_ACTIVITY,5.9 Material recovery from non-hazardous waste
Landfill gas capture and utilisation,landfill gas capture and utilisation,climate_da_2021_2139_20260101,https://eur-lex.europa.eu/eli/reg_del/2021/2139/2026-01-01/eng,1 Climate change mitigation | 2 Climate change adaptation,ANNEX_ACTIVITY,5.10 Landfill gas capture and utilisation
Transport of CO 2,transport of co 2,climate_da_2021_2139_20260101,https://eur-lex.europa.eu/eli/reg_del/2021/2139/2026-01-01/eng,1 Climate change mitigation | 2 Climate change adaptation,ANNEX_ACTIVITY,5.11 Transport of CO 2
Underground permanent geological storage of CO 2,underground permanent geological storage of co 2,climate_da_2021_2139_20260101,https://eur-lex.europa.eu/eli/reg_del/2021/2139/2026-01-01/eng,1 Climate change mitigation | 2 Climate change adaptation,ANNEX_ACTIVITY,5.12 Underground permanent geological storage of CO 2
Passenger interurban rail transport,passenger interurban rail transport,climate_da_2021_2139_20260101,https://eur-lex.europa.eu/eli/reg_del/2021/2139/2026-01-01/eng,1 Climate change mitigation | 2 Climate change adaptation,ANNEX_ACTIVITY,6.1 Passenger interurban rail transport
Freight rail transport,freight rail transport,climate_da_2021_2139_20260101,https://eur-lex.europa.eu/eli/reg_del/2021/2139/2026-01-01/eng,1 Climate change mitigation | 2 Climate change adaptation,ANNEX_ACTIVITY,6.2 Freight rail transport
"Urban and suburban transport, road passenger transport",urban and suburban transport road passenger transport,climate_da_2021_2139_20260101,https://eur-lex.europa.eu/eli/reg_del/2021/2139/2026-01-01/eng,1 Climate change mitigation | 2 Climate change adaptation,ANNEX_ACTIVITY,"6.3 Urban and suburban transport, road passenger transport"
"Operation of personal mobility devices, cycle logistics",operation of personal mobility devices cycle logistics,climate_da_2021_2139_20260101,https://eur-lex.europa.eu/eli/reg_del/2021/2139/2026-01-01/eng,1 Climate change mitigation | 2 Climate change adaptation,ANNEX_ACTIVITY,"6.4 Operation of personal mobility devices, cycle logistics"
"Transport by motorbikes, passenger cars and light commerci al vehicles",transport by motorbikes passenger cars and light commerci al vehicles,climate_da_2021_2139_20260101,https://eur-lex.europa.eu/eli/reg_del/2021/2139/2026-01-01/eng,1 Climate change mitigation | 2 Climate change adaptation,ANNEX_ACTIVITY,"6.5 Transport by motorbikes, passenger cars and light commerci al vehicles"
Freight transport services by road,freight transport services by road,climate_da_2021_2139_20260101,https://eur-lex.europa.eu/eli/reg_del/2021/2139/2026-01-01/eng,1 Climate change mitigation | 2 Climate change adaptation,ANNEX_ACTIVITY,6.6 Freight transport services by road
Inland passenger water transport,inland passenger water transport,climate_da_2021_2139_20260101,https://eur-lex.europa.eu/eli/reg_del/2021/2139/2026-01-01/eng,1 Climate change mitigation | 2 Climate change adaptation,ANNEX_ACTIVITY,6.7 Inland passenger water transport
Inland freight water transport,inland freight water transport,climate_da_2021_2139_20260101,https://eur-lex.europa.eu/eli/reg_del/2021/2139/2026-01-01/eng,1 Climate change mitigation | 2 Climate change adaptation,ANNEX_ACTIVITY,6.8 Inland freight water transport
Retrofitting of inland water passenger and freight transpo rt,retrofitting of inland water passenger and freight transpo rt,climate_da_2021_2139_20260101,https://eur-lex.europa.eu/eli/reg_del/2021/2139/2026-01-01/eng,1 Climate change mitigation | 2 Climate change adaptation,ANNEX_ACTIVITY,6.9 Retrofitting of inland water passenger and freight transpo rt
"Sea and coastal freight water transport, vessels for port operations and",sea and coastal freight water transport vessels for port operations and,climate_da_2021_2139_20260101,https://eur-lex.europa.eu/eli/reg_del/2021/2139/2026-01-01/eng,1 Climate change mitigation | 2 Climate change adaptation,ANNEX_ACTIVITY,"6.10 Sea and coastal freight water transport, vessels for port operations and"
Sea and coastal passenger water transport,sea and coastal passenger water transport,climate_da_2021_2139_20260101,https://eur-lex.europa.eu/eli/reg_del/2021/2139/2026-01-01/eng,1 Climate change mitigation | 2 Climate change adaptation,ANNEX_ACTIVITY,6.11 Sea and coastal passenger water transport
Retrofitting of sea and coastal freight and passenger wat er transport,retrofitting of sea and coastal freight and passenger wat er transport,climate_da_2021_2139_20260101,https://eur-lex.europa.eu/eli/reg_del/2021/2139/2026-01-01/eng,1 Climate change mitigation | 2 Climate change adaptation,ANNEX_ACTIVITY,6.12 Retrofitting of sea and coastal freight and passenger wat er transport
"Infrastructure for personal mobility, cycle logistics",infrastructure for personal mobility cycle logistics,climate_da_2021_2139_20260101,https://eur-lex.europa.eu/eli/reg_del/2021/2139/2026-01-01/eng,1 Climate change mitigation | 2 Climate change adaptation,ANNEX_ACTIVITY,"6.13 Infrastructure for personal mobility, cycle logistics"
Infrastructure for rail transport,infrastructure for rail transport,climate_da_2021_2139_20260101,https://eur-lex.europa.eu/eli/reg_del/2021/2139/2026-01-01/eng,1 Climate change mitigation | 2 Climate change adaptation,ANNEX_ACTIVITY,6.14 Infrastructure for rail transport
Infrastructure enabling low-carbon road transport and pub lic transport,infrastructure enabling low carbon road transport and pub lic transport,climate_da_2021_2139_20260101,https://eur-lex.europa.eu/eli/reg_del/2021/2139/2026-01-01/eng,1 Climate change mitigation | 2 Climate change adaptation,ANNEX_ACTIVITY,6.15 Infrastructure enabling low-carbon road transport and pub lic transport
Infrastructure enabling low carbon water transport,infrastructure enabling low carbon water transport,climate_da_2021_2139_20260101,https://eur-lex.europa.eu/eli/reg_del/2021/2139/2026-01-01/eng,1 Climate change mitigation | 2 Climate change adaptation,ANNEX_ACTIVITY,6.16 Infrastructure enabling low carbon water transport
Low carbon airport infrastructure,low carbon airport infrastructure,climate_da_2021_2139_20260101,https://eur-lex.europa.eu/eli/reg_del/2021/2139/2026-01-01/eng,1 Climate change mitigation | 2 Climate change adaptation,ANNEX_ACTIVITY,6.17 Low carbon airport infrastructure
Construction of new buildings,construction of new buildings,climate_da_2021_2139_20260101,https://eur-lex.europa.eu/eli/reg_del/2021/2139/2026-01-01/eng,1 Climate change mitigation | 2 Climate change adaptation,ANNEX_ACTIVITY,7.1 Construction of new buildings
Renovation of existing buildings,renovation of existing buildings,climate_da_2021_2139_20260101,https://eur-lex.europa.eu/eli/reg_del/2021/2139/2026-01-01/eng,1 Climate change mitigation | 2 Climate change adaptation,ANNEX_ACTIVITY,7.2 Renovation of existing buildings
"Installation, maintenance and repair of energy efficiency equipment",installation maintenance and repair of energy efficiency equipment,climate_da_2021_2139_20260101,https://eur-lex.europa.eu/eli/reg_del/2021/2139/2026-01-01/eng,1 Climate change mitigation | 2 Climate change adaptation,ANNEX_ACTIVITY,"7.3 Installation, maintenance and repair of energy efficiency equipment"
"Installation, maintenance and repair of charging stations for electric",installation maintenance and repair of charging stations for electric,climate_da_2021_2139_20260101,https://eur-lex.europa.eu/eli/reg_del/2021/2139/2026-01-01/eng,1 Climate change mitigation | 2 Climate change adaptation,ANNEX_ACTIVITY,"7.4 Installation, maintenance and repair of charging stations for electric"
"Installation, maintenance and repair of instruments and de vices for",installation maintenance and repair of instruments and de vices for,climate_da_2021_2139_20260101,https://eur-lex.europa.eu/eli/reg_del/2021/2139/2026-01-01/eng,1 Climate change mitigation | 2 Climate change adaptation,ANNEX_ACTIVITY,"7.5 Installation, maintenance and repair of instruments and de vices for"
"Installation, maintenance and repair of renewable energy t echnologies",installation maintenance and repair of renewable energy t echnologies,climate_da_2021_2139_20260101,https://eur-lex.europa.eu/eli/reg_del/2021/2139/2026-01-01/eng,1 Climate change mitigation | 2 Climate change adaptation,ANNEX_ACTIVITY,"7.6 Installation, maintenance and repair of renewable energy t echnologies"
Acquisition and ownership of buildings,acquisition and ownership of buildings,climate_da_2021_2139_20260101,https://eur-lex.europa.eu/eli/reg_del/2021/2139/2026-01-01/eng,1 Climate change mitigation | 2 Climate change adaptation,ANNEX_ACTIVITY,7.7 Acquisition and ownership of buildings
"Data processing, hosting and related activities",data processing hosting and related activities,climate_da_2021_2139_20260101,https://eur-lex.europa.eu/eli/reg_del/2021/2139/2026-01-01/eng,1 Climate change mitigation | 2 Climate change adaptation,ANNEX_ACTIVITY,"8.1 Data processing, hosting and related activities"
Data-driven solutions for GHG emissions reductions,data driven solutions for ghg emissions reductions,climate_da_2021_2139_20260101,https://eur-lex.europa.eu/eli/reg_del/2021/2139/2026-01-01/eng,1 Climate change mitigation | 2 Climate change adaptation,ANNEX_ACTIVITY,8.2 Data-driven solutions for GHG emissions reductions
"Close to market research, development and innovation",close to market research development and innovation,climate_da_2021_2139_20260101,https://eur-lex.europa.eu/eli/reg_del/2021/2139/2026-01-01/eng,1 Climate change mitigation | 2 Climate change adaptation,ANNEX_ACTIVITY,"9.1 Close to market research, development and innovation"
"Research, development and innovation for direct air captur e of CO 2",research development and innovation for direct air captur e of co 2,climate_da_2021_2139_20260101,https://eur-lex.europa.eu/eli/reg_del/2021/2139/2026-01-01/eng,1 Climate change mitigation | 2 Climate change adaptation,ANNEX_ACTIVITY,"9.2 Research, development and innovation for direct air captur e of CO 2"
Professional services related to energy performance of bui ldings,professional services related to energy performance of bui ldings,climate_da_2021_2139_20260101,https://eur-lex.europa.eu/eli/reg_del/2021/2139/2026-01-01/eng,1 Climate change mitigation | 2 Climate change adaptation,ANNEX_ACTIVITY,9.3 Professional services related to energy performance of bui ldings
The area on which the activity takes place is covered by a n afforestation plan of a duration of at least,the area on which the activity takes place is covered by a n afforestation plan of a duration of at least,climate_da_2021_2139_20260101,https://eur-lex.europa.eu/eli/reg_del/2021/2139/2026-01-01/eng,1 Climate change mitigation | 2 Climate change adaptation,ANNEX_ACTIVITY,1.1 The area on which the activity takes place is covered by a n afforestation plan of a duration of at least
"Preferably through the afforestation plan, or if informati on is missing, through any other document,",preferably through the afforestation plan or if informati on is missing through any other document,climate_da_2021_2139_20260101,https://eur-lex.europa.eu/eli/reg_del/2021/2139/2026-01-01/eng,1 Climate change mitigation | 2 Climate change adaptation,ANNEX_ACTIVITY,"1.2 Preferably through the afforestation plan, or if informati on is missing, through any other document,"
"When the area becomes a forest, the afforestation plan is followed by a subsequent forest management",when the area becomes a forest the afforestation plan is followed by a subsequent forest management,climate_da_2021_2139_20260101,https://eur-lex.europa.eu/eli/reg_del/2021/2139/2026-01-01/eng,1 Climate change mitigation | 2 Climate change adaptation,ANNEX_ACTIVITY,"1.3 When the area becomes a forest, the afforestation plan is followed by a subsequent forest management"
Information is provided on the following points that are n ot already documented in the forest,information is provided on the following points that are n ot already documented in the forest,climate_da_2021_2139_20260101,https://eur-lex.europa.eu/eli/reg_del/2021/2139/2026-01-01/eng,1 Climate change mitigation | 2 Climate change adaptation,ANNEX_ACTIVITY,1.4 Information is provided on the following points that are n ot already documented in the forest
"The activity follows the best afforestation practices laid down in national law, or, where no such best",the activity follows the best afforestation practices laid down in national law or where no such best,climate_da_2021_2139_20260101,https://eur-lex.europa.eu/eli/reg_del/2021/2139/2026-01-01/eng,1 Climate change mitigation | 2 Climate change adaptation,ANNEX_ACTIVITY,"1.5 The activity follows the best afforestation practices laid down in national law, or, where no such best"
The activity does not involve the degradation of land with high carbon stock ( 8 ),the activity does not involve the degradation of land with high carbon stock 8,climate_da_2021_2139_20260101,https://eur-lex.europa.eu/eli/reg_del/2021/2139/2026-01-01/eng,1 Climate change mitigation | 2 Climate change adaptation,ANNEX_ACTIVITY,1.6 The activity does not involve the degradation of land with high carbon stock ( 8 )
The management system associated with the activity in plac e complies with the due diligence obligation,the management system associated with the activity in plac e complies with the due diligence obligation,climate_da_2021_2139_20260101,https://eur-lex.europa.eu/eli/reg_del/2021/2139/2026-01-01/eng,1 Climate change mitigation | 2 Climate change adaptation,ANNEX_ACTIVITY,1.7 The management system associated with the activity in plac e complies with the due diligence obligation
The afforestation plan and the subsequent forest managemen t plan or equivalent instrument provide for,the afforestation plan and the subsequent forest managemen t plan or equivalent instrument provide for,climate_da_2021_2139_20260101,https://eur-lex.europa.eu/eli/reg_del/2021/2139/2026-01-01/eng,1 Climate change mitigation | 2 Climate change adaptation,ANNEX_ACTIVITY,1.8 The afforestation plan and the subsequent forest managemen t plan or equivalent instrument provide for
For areas that comply with the requirements at forest sour cing area level to ensure that carbon stocks and,for areas that comply with the requirements at forest sour cing area level to ensure that carbon stocks and,climate_da_2021_2139_20260101,https://eur-lex.europa.eu/eli/reg_del/2021/2139/2026-01-01/eng,1 Climate change mitigation | 2 Climate change adaptation,ANNEX_ACTIVITY,2.1 For areas that comply with the requirements at forest sour cing area level to ensure that carbon stocks and
For areas that do not comply with the requirements at fore st sourcing area level to ensure that carbon,for areas that do not comply with the requirements at fore st sourcing area level to ensure that carbon,climate_da_2021_2139_20260101,https://eur-lex.europa.eu/eli/reg_del/2021/2139/2026-01-01/eng,1 Climate change mitigation | 2 Climate change adaptation,ANNEX_ACTIVITY,2.2 For areas that do not comply with the requirements at fore st sourcing area level to ensure that carbon
The calculation of climate benefit complies with all of th e following criteria:,the calculation of climate benefit complies with all of th e following criteria,climate_da_2021_2139_20260101,https://eur-lex.europa.eu/eli/reg_del/2021/2139/2026-01-01/eng,1 Climate change mitigation | 2 Climate change adaptation,ANNEX_ACTIVITY,2.3 The calculation of climate benefit complies with all of th e following criteria:
Forest holdings under 13ha are not required to perform a c limate benefit analysis,forest holdings under 13ha are not required to perform a c limate benefit analysis,climate_da_2021_2139_20260101,https://eur-lex.europa.eu/eli/reg_del/2021/2139/2026-01-01/eng,1 Climate change mitigation | 2 Climate change adaptation,ANNEX_ACTIVITY,2.4 Forest holdings under 13ha are not required to perform a c limate benefit analysis
"In accordance with national law, the forest status of the area in which the activity takes place is",in accordance with national law the forest status of the area in which the activity takes place is,climate_da_2021_2139_20260101,https://eur-lex.europa.eu/eli/reg_del/2021/2139/2026-01-01/eng,1 Climate change mitigation | 2 Climate change adaptation,ANNEX_ACTIVITY,"3.1 In accordance with national law, the forest status of the area in which the activity takes place is"
"In accordance with national law, the operator of the activ ity commits that future updates to the affores­",in accordance with national law the operator of the activ ity commits that future updates to the affores,climate_da_2021_2139_20260101,https://eur-lex.europa.eu/eli/reg_del/2021/2139/2026-01-01/eng,1 Climate change mitigation | 2 Climate change adaptation,ANNEX_ACTIVITY,"3.2 In accordance with national law, the operator of the activ ity commits that future updates to the affores­"
"Rehabilitation and restoration of forests, including reforestation and",rehabilitation and restoration of forests including reforestation and,climate_da_2021_2139_20260101,https://eur-lex.europa.eu/eli/reg_del/2021/2139/2026-01-01/eng,1 Climate change mitigation | 2 Climate change adaptation,ANNEX_ACTIVITY,"1.2 Rehabilitation and restoration of forests, including reforestation and"
"The activity takes place on area that is subject to a fore st management plan or an equivalent instrument,",the activity takes place on area that is subject to a fore st management plan or an equivalent instrument,climate_da_2021_2139_20260101,https://eur-lex.europa.eu/eli/reg_del/2021/2139/2026-01-01/eng,1 Climate change mitigation | 2 Climate change adaptation,ANNEX_ACTIVITY,"1.1 The activity takes place on area that is subject to a fore st management plan or an equivalent instrument,"
"The sustainability of the forest management systems, as do cumented in the plan referred to in point 1",the sustainability of the forest management systems as do cumented in the plan referred to in point 1,climate_da_2021_2139_20260101,https://eur-lex.europa.eu/eli/reg_del/2021/2139/2026-01-01/eng,1 Climate change mitigation | 2 Climate change adaptation,ANNEX_ACTIVITY,"1.3 The sustainability of the forest management systems, as do cumented in the plan referred to in point 1"
The activity does not involve the degradation of land with high carbon stock ( 34 ),the activity does not involve the degradation of land with high carbon stock 34,climate_da_2021_2139_20260101,https://eur-lex.europa.eu/eli/reg_del/2021/2139/2026-01-01/eng,1 Climate change mitigation | 2 Climate change adaptation,ANNEX_ACTIVITY,1.4 The activity does not involve the degradation of land with high carbon stock ( 34 )
The forest management plan or equivalent instrument provid es for monitoring which ensures the,the forest management plan or equivalent instrument provid es for monitoring which ensures the,climate_da_2021_2139_20260101,https://eur-lex.europa.eu/eli/reg_del/2021/2139/2026-01-01/eng,1 Climate change mitigation | 2 Climate change adaptation,ANNEX_ACTIVITY,1.6 The forest management plan or equivalent instrument provid es for monitoring which ensures the
"In accordance with national law, the operator of the activ ity commits that future updates to the forest",in accordance with national law the operator of the activ ity commits that future updates to the forest,climate_da_2021_2139_20260101,https://eur-lex.europa.eu/eli/reg_del/2021/2139/2026-01-01/eng,1 Climate change mitigation | 2 Climate change adaptation,ANNEX_ACTIVITY,"3.2 In accordance with national law, the operator of the activ ity commits that future updates to the forest"
The activity does not involve the degradation of land with high carbon stock ( 44 ),the activity does not involve the degradation of land with high carbon stock 44,climate_da_2021_2139_20260101,https://eur-lex.europa.eu/eli/reg_del/2021/2139/2026-01-01/eng,1 Climate change mitigation | 2 Climate change adaptation,ANNEX_ACTIVITY,1.4 The activity does not involve the degradation of land with high carbon stock ( 44 )
The forest management plan or the equivalent instrument:,the forest management plan or the equivalent instrument,climate_da_2021_2139_20260101,https://eur-lex.europa.eu/eli/reg_del/2021/2139/2026-01-01/eng,1 Climate change mitigation | 2 Climate change adaptation,ANNEX_ACTIVITY,1.3 The forest management plan or the equivalent instrument:
The sustainability of the forest management systems as doc umented in the plan referred to in point 1,the sustainability of the forest management systems as doc umented in the plan referred to in point 1,climate_da_2021_2139_20260101,https://eur-lex.europa.eu/eli/reg_del/2021/2139/2026-01-01/eng,1 Climate change mitigation | 2 Climate change adaptation,ANNEX_ACTIVITY,1.4 The sustainability of the forest management systems as doc umented in the plan referred to in point 1
The activity does not involve the degradation of land with high carbon stock ( 58 ),the activity does not involve the degradation of land with high carbon stock 58,climate_da_2021_2139_20260101,https://eur-lex.europa.eu/eli/reg_del/2021/2139/2026-01-01/eng,1 Climate change mitigation | 2 Climate change adaptation,ANNEX_ACTIVITY,1.5 The activity does not involve the degradation of land with high carbon stock ( 58 )
"The area is covered by a restoration plan, which is consis tent with the Ramsar Convention’s principles",the area is covered by a restoration plan which is consis tent with the ramsar convention s principles,climate_da_2021_2139_20260101,https://eur-lex.europa.eu/eli/reg_del/2021/2139/2026-01-01/eng,1 Climate change mitigation | 2 Climate change adaptation,ANNEX_ACTIVITY,"1.1 The area is covered by a restoration plan, which is consis tent with the Ramsar Convention’s principles"
"The restoration plan contains careful consideration of loc al hydrological and pedological conditions,",the restoration plan contains careful consideration of loc al hydrological and pedological conditions,climate_da_2021_2139_20260101,https://eur-lex.europa.eu/eli/reg_del/2021/2139/2026-01-01/eng,1 Climate change mitigation | 2 Climate change adaptation,ANNEX_ACTIVITY,"1.2 The restoration plan contains careful consideration of loc al hydrological and pedological conditions,"
All wetland management relevant DNSH criteria are addresse d in the restoration plan,all wetland management relevant dnsh criteria are addresse d in the restoration plan,climate_da_2021_2139_20260101,https://eur-lex.europa.eu/eli/reg_del/2021/2139/2026-01-01/eng,1 Climate change mitigation | 2 Climate change adaptation,ANNEX_ACTIVITY,1.3 All wetland management relevant DNSH criteria are addresse d in the restoration plan
The restoration plan provides for monitoring which ensures the correctness of the information contained,the restoration plan provides for monitoring which ensures the correctness of the information contained,climate_da_2021_2139_20260101,https://eur-lex.europa.eu/eli/reg_del/2021/2139/2026-01-01/eng,1 Climate change mitigation | 2 Climate change adaptation,ANNEX_ACTIVITY,1.4 The restoration plan provides for monitoring which ensures the correctness of the information contained
The activity complies with the following criteria:,the activity complies with the following criteria,climate_da_2021_2139_20260101,https://eur-lex.europa.eu/eli/reg_del/2021/2139/2026-01-01/eng,1 Climate change mitigation | 2 Climate change adaptation,ANNEX_ACTIVITY,2.1 The activity complies with the following criteria:
"In accordance with national law, the wetland status of the area in which the activity takes place is",in accordance with national law the wetland status of the area in which the activity takes place is,climate_da_2021_2139_20260101,https://eur-lex.europa.eu/eli/reg_del/2021/2139/2026-01-01/eng,1 Climate change mitigation | 2 Climate change adaptation,ANNEX_ACTIVITY,"4.1 In accordance with national law, the wetland status of the area in which the activity takes place is"
"In accordance with the national law, the operator of the a ctivity commits that future updates to the",in accordance with the national law the operator of the a ctivity commits that future updates to the,climate_da_2021_2139_20260101,https://eur-lex.europa.eu/eli/reg_del/2021/2139/2026-01-01/eng,1 Climate change mitigation | 2 Climate change adaptation,ANNEX_ACTIVITY,"4.2 In accordance with the national law, the operator of the a ctivity commits that future updates to the"
Manufacture of equipment for the production and use of hydrogen,manufacture of equipment for the production and use of hydrogen,climate_da_2021_2139_20260101,https://eur-lex.europa.eu/eli/reg_del/2021/2139/2026-01-01/eng,1 Climate change mitigation | 2 Climate change adaptation,ANNEX_ACTIVITY,3.2 Manufacture of equipment for the production and use of hydrogen
MWh per tonne of,mwh per tonne of,climate_da_2021_2139_20260101,https://eur-lex.europa.eu/eli/reg_del/2021/2139/2026-01-01/eng,1 Climate change mitigation | 2 Climate change adaptation,ANNEX_ACTIVITY,2.45 MWh per tonne of
Manufacture of automotive and mobility components,manufacture of automotive and mobility components,climate_da_2021_2139_20260101,https://eur-lex.europa.eu/eli/reg_del/2021/2139/2026-01-01/eng,1 Climate change mitigation | 2 Climate change adaptation,ANNEX_ACTIVITY,3.18 Manufacture of automotive and mobility components
Manufacture of rail rolling stock constituents,manufacture of rail rolling stock constituents,climate_da_2021_2139_20260101,https://eur-lex.europa.eu/eli/reg_del/2021/2139/2026-01-01/eng,1 Climate change mitigation | 2 Climate change adaptation,ANNEX_ACTIVITY,3.19 Manufacture of rail rolling stock constituents
"Manufacture, installation, and servicing of high, medium and low",manufacture installation and servicing of high medium and low,climate_da_2021_2139_20260101,https://eur-lex.europa.eu/eli/reg_del/2021/2139/2026-01-01/eng,1 Climate change mitigation | 2 Climate change adaptation,ANNEX_ACTIVITY,"3.20 Manufacture, installation, and servicing of high, medium and low"
Manufacturing of aircraft,manufacturing of aircraft,climate_da_2021_2139_20260101,https://eur-lex.europa.eu/eli/reg_del/2021/2139/2026-01-01/eng,1 Climate change mitigation | 2 Climate change adaptation,ANNEX_ACTIVITY,3.21 Manufacturing of aircraft
Electricity generation using concentrated solar power (CSP) tech ­,electricity generation using concentrated solar power csp tech,climate_da_2021_2139_20260101,https://eur-lex.europa.eu/eli/reg_del/2021/2139/2026-01-01/eng,1 Climate change mitigation | 2 Climate change adaptation,ANNEX_ACTIVITY,4.2 Electricity generation using concentrated solar power (CSP) tech ­
In accordance with Directive 2000/60/EC and in particular,in accordance with directive 2000 60 ec and in particular,climate_da_2021_2139_20260101,https://eur-lex.europa.eu/eli/reg_del/2021/2139/2026-01-01/eng,1 Climate change mitigation | 2 Climate change adaptation,ANNEX_ACTIVITY,2.1 In accordance with Directive 2000/60/EC and in particular
"Measures include, where relevant and depending on the",measures include where relevant and depending on the,climate_da_2021_2139_20260101,https://eur-lex.europa.eu/eli/reg_del/2021/2139/2026-01-01/eng,1 Climate change mitigation | 2 Climate change adaptation,ANNEX_ACTIVITY,"2.2 Measures include, where relevant and depending on the"
The effectiveness of those measures is monitored in the co ntext,the effectiveness of those measures is monitored in the co ntext,climate_da_2021_2139_20260101,https://eur-lex.europa.eu/eli/reg_del/2021/2139/2026-01-01/eng,1 Climate change mitigation | 2 Climate change adaptation,ANNEX_ACTIVITY,2.3 The effectiveness of those measures is monitored in the co ntext
In accordance with Article 4 of Directive 2000/60/EC and i n,in accordance with article 4 of directive 2000 60 ec and i n,climate_da_2021_2139_20260101,https://eur-lex.europa.eu/eli/reg_del/2021/2139/2026-01-01/eng,1 Climate change mitigation | 2 Climate change adaptation,ANNEX_ACTIVITY,3.1 In accordance with Article 4 of Directive 2000/60/EC and i n
"On the basis of that impact assessment, it has been establ ished",on the basis of that impact assessment it has been establ ished,climate_da_2021_2139_20260101,https://eur-lex.europa.eu/eli/reg_del/2021/2139/2026-01-01/eng,1 Climate change mitigation | 2 Climate change adaptation,ANNEX_ACTIVITY,"3.2 On the basis of that impact assessment, it has been establ ished"
All technically feasible and ecologically relevant mitigat ion,all technically feasible and ecologically relevant mitigat ion,climate_da_2021_2139_20260101,https://eur-lex.europa.eu/eli/reg_del/2021/2139/2026-01-01/eng,1 Climate change mitigation | 2 Climate change adaptation,ANNEX_ACTIVITY,3.3 All technically feasible and ecologically relevant mitigat ion
The plant does not permanently compromise the achievement of,the plant does not permanently compromise the achievement of,climate_da_2021_2139_20260101,https://eur-lex.europa.eu/eli/reg_del/2021/2139/2026-01-01/eng,1 Climate change mitigation | 2 Climate change adaptation,ANNEX_ACTIVITY,3.4 The plant does not permanently compromise the achievement of
"In addition to the mitigation measures referred to above, and",in addition to the mitigation measures referred to above and,climate_da_2021_2139_20260101,https://eur-lex.europa.eu/eli/reg_del/2021/2139/2026-01-01/eng,1 Climate change mitigation | 2 Climate change adaptation,ANNEX_ACTIVITY,"3.5 In addition to the mitigation measures referred to above, and"
Electricity generation from renewable non-fossil gaseous and liquid,electricity generation from renewable non fossil gaseous and liquid,climate_da_2021_2139_20260101,https://eur-lex.europa.eu/eli/reg_del/2021/2139/2026-01-01/eng,1 Climate change mitigation | 2 Climate change adaptation,ANNEX_ACTIVITY,4.7 Electricity generation from renewable non-fossil gaseous and liquid
Manufacture of biogas and biofuels for use in transport and of,manufacture of biogas and biofuels for use in transport and of,climate_da_2021_2139_20260101,https://eur-lex.europa.eu/eli/reg_del/2021/2139/2026-01-01/eng,1 Climate change mitigation | 2 Climate change adaptation,ANNEX_ACTIVITY,4.13 Manufacture of biogas and biofuels for use in transport and of
Transmission and distribution networks for renewable and low-,transmission and distribution networks for renewable and low,climate_da_2021_2139_20260101,https://eur-lex.europa.eu/eli/reg_del/2021/2139/2026-01-01/eng,1 Climate change mitigation | 2 Climate change adaptation,ANNEX_ACTIVITY,4.14 Transmission and distribution networks for renewable and low-
Cogeneration of heat/cool and power from geothermal energy,cogeneration of heat cool and power from geothermal energy,climate_da_2021_2139_20260101,https://eur-lex.europa.eu/eli/reg_del/2021/2139/2026-01-01/eng,1 Climate change mitigation | 2 Climate change adaptation,ANNEX_ACTIVITY,4.18 Cogeneration of heat/cool and power from geothermal energy
Cogeneration of heat/cool and power from renewable non-fossil,cogeneration of heat cool and power from renewable non fossil,climate_da_2021_2139_20260101,https://eur-lex.europa.eu/eli/reg_del/2021/2139/2026-01-01/eng,1 Climate change mitigation | 2 Climate change adaptation,ANNEX_ACTIVITY,4.19 Cogeneration of heat/cool and power from renewable non-fossil
Pre-commercial stages of advanced technologies to produce energy,pre commercial stages of advanced technologies to produce energy,climate_da_2021_2139_20260101,https://eur-lex.europa.eu/eli/reg_del/2021/2139/2026-01-01/eng,1 Climate change mitigation | 2 Climate change adaptation,ANNEX_ACTIVITY,4.26 Pre-commercial stages of advanced technologies to produce energy
"Construction and safe operation of new nuclear power plants, for the",construction and safe operation of new nuclear power plants for the,climate_da_2021_2139_20260101,https://eur-lex.europa.eu/eli/reg_del/2021/2139/2026-01-01/eng,1 Climate change mitigation | 2 Climate change adaptation,ANNEX_ACTIVITY,"4.27 Construction and safe operation of new nuclear power plants, for the"
Electricity generation from nuclear energy in existing installations,electricity generation from nuclear energy in existing installations,climate_da_2021_2139_20260101,https://eur-lex.europa.eu/eli/reg_del/2021/2139/2026-01-01/eng,1 Climate change mitigation | 2 Climate change adaptation,ANNEX_ACTIVITY,4.28 Electricity generation from nuclear energy in existing installations
High-efficiency co-generation of heat/cool and power from fossil,high efficiency co generation of heat cool and power from fossil,climate_da_2021_2139_20260101,https://eur-lex.europa.eu/eli/reg_del/2021/2139/2026-01-01/eng,1 Climate change mitigation | 2 Climate change adaptation,ANNEX_ACTIVITY,4.30 High-efficiency co-generation of heat/cool and power from fossil
Production of heat/cool from fossil gaseous fuels in an efficient district,production of heat cool from fossil gaseous fuels in an efficient district,climate_da_2021_2139_20260101,https://eur-lex.europa.eu/eli/reg_del/2021/2139/2026-01-01/eng,1 Climate change mitigation | 2 Climate change adaptation,ANNEX_ACTIVITY,4.31 Production of heat/cool from fossil gaseous fuels in an efficient district
"Construction, extension and operation of water collection, treatment",construction extension and operation of water collection treatment,climate_da_2021_2139_20260101,https://eur-lex.europa.eu/eli/reg_del/2021/2139/2026-01-01/eng,1 Climate change mitigation | 2 Climate change adaptation,ANNEX_ACTIVITY,"5.1 Construction, extension and operation of water collection, treatment"
"Construction, extension and operation of waste water collection and",construction extension and operation of waste water collection and,climate_da_2021_2139_20260101,https://eur-lex.europa.eu/eli/reg_del/2021/2139/2026-01-01/eng,1 Climate change mitigation | 2 Climate change adaptation,ANNEX_ACTIVITY,"5.3 Construction, extension and operation of waste water collection and"
"Transport by motorbikes, passenger cars and light commercial",transport by motorbikes passenger cars and light commercial,climate_da_2021_2139_20260101,https://eur-lex.europa.eu/eli/reg_del/2021/2139/2026-01-01/eng,1 Climate change mitigation | 2 Climate change adaptation,ANNEX_ACTIVITY,"6.5 Transport by motorbikes, passenger cars and light commercial"
Retrofitting of inland water passenger and freight transport,retrofitting of inland water passenger and freight transport,climate_da_2021_2139_20260101,https://eur-lex.europa.eu/eli/reg_del/2021/2139/2026-01-01/eng,1 Climate change mitigation | 2 Climate change adaptation,ANNEX_ACTIVITY,6.9 Retrofitting of inland water passenger and freight transport
"Sea and coastal freight water transport, vessels for port operations",sea and coastal freight water transport vessels for port operations,climate_da_2021_2139_20260101,https://eur-lex.europa.eu/eli/reg_del/2021/2139/2026-01-01/eng,1 Climate change mitigation | 2 Climate change adaptation,ANNEX_ACTIVITY,"6.10 Sea and coastal freight water transport, vessels for port operations"
Retrofitting of sea and coastal freight and passenger water transport,retrofitting of sea and coastal freight and passenger water transport,climate_da_2021_2139_20260101,https://eur-lex.europa.eu/eli/reg_del/2021/2139/2026-01-01/eng,1 Climate change mitigation | 2 Climate change adaptation,ANNEX_ACTIVITY,6.12 Retrofitting of sea and coastal freight and passenger water transport
Infrastructure enabling low-carbon road transport and public,infrastructure enabling low carbon road transport and public,climate_da_2021_2139_20260101,https://eur-lex.europa.eu/eli/reg_del/2021/2139/2026-01-01/eng,1 Climate change mitigation | 2 Climate change adaptation,ANNEX_ACTIVITY,6.15 Infrastructure enabling low-carbon road transport and public
Leasing of aircraft,leasing of aircraft,climate_da_2021_2139_20260101,https://eur-lex.europa.eu/eli/reg_del/2021/2139/2026-01-01/eng,1 Climate change mitigation | 2 Climate change adaptation,ANNEX_ACTIVITY,6.18 Leasing of aircraft
Passenger and freight air transport,passenger and freight air transport,climate_da_2021_2139_20260101,https://eur-lex.europa.eu/eli/reg_del/2021/2139/2026-01-01/eng,1 Climate change mitigation | 2 Climate change adaptation,ANNEX_ACTIVITY,6.19 Passenger and freight air transport
The economic activities in this category could be associated wi th several,the economic activities in this category could be associated wi th several,climate_da_2021_2139_20260101,https://eur-lex.europa.eu/eli/reg_del/2021/2139/2026-01-01/eng,1 Climate change mitigation | 2 Climate change adaptation,ANNEX_ACTIVITY,6.18 The economic activities in this category could be associated wi th several
Air transport ground handling operations,air transport ground handling operations,climate_da_2021_2139_20260101,https://eur-lex.europa.eu/eli/reg_del/2021/2139/2026-01-01/eng,1 Climate change mitigation | 2 Climate change adaptation,ANNEX_ACTIVITY,6.20 Air transport ground handling operations
"Where a nationa l calculation tool exists, or is required for making disclosure s or",where a nationa l calculation tool exists or is required for making disclosure s or,climate_da_2021_2139_20260101,https://eur-lex.europa.eu/eli/reg_del/2021/2139/2026-01-01/eng,1 Climate change mitigation | 2 Climate change adaptation,ANNEX_ACTIVITY,"1.2 Where a nationa l calculation tool exists, or is required for making disclosure s or"
"Installation, maintenance and repair of instruments and devices for",installation maintenance and repair of instruments and devices for,climate_da_2021_2139_20260101,https://eur-lex.europa.eu/eli/reg_del/2021/2139/2026-01-01/eng,1 Climate change mitigation | 2 Climate change adaptation,ANNEX_ACTIVITY,"7.5 Installation, maintenance and repair of instruments and devices for"
"Installation, maintenance and repair of renewable energy technologies",installation maintenance and repair of renewable energy technologies,climate_da_2021_2139_20260101,https://eur-lex.europa.eu/eli/reg_del/2021/2139/2026-01-01/eng,1 Climate change mitigation | 2 Climate change adaptation,ANNEX_ACTIVITY,"7.6 Installation, maintenance and repair of renewable energy technologies"
"Research, development and innovation for direct air capture of CO 2",research development and innovation for direct air capture of co 2,climate_da_2021_2139_20260101,https://eur-lex.europa.eu/eli/reg_del/2021/2139/2026-01-01/eng,1 Climate change mitigation | 2 Climate change adaptation,ANNEX_ACTIVITY,"9.2 Research, development and innovation for direct air capture of CO 2"
Professional services related to energy performance of buildings,professional services related to energy performance of buildings,climate_da_2021_2139_20260101,https://eur-lex.europa.eu/eli/reg_del/2021/2139/2026-01-01/eng,1 Climate change mitigation | 2 Climate change adaptation,ANNEX_ACTIVITY,9.3 Professional services related to energy performance of buildings
High-efficiency co- generation of heat/cool and power fro m fossil gaseous,high efficiency co generation of heat cool and power fro m fossil gaseous,climate_da_2021_2139_20260101,https://eur-lex.europa.eu/eli/reg_del/2021/2139/2026-01-01/eng,1 Climate change mitigation | 2 Climate change adaptation,ANNEX_ACTIVITY,4.30 High-efficiency co- generation of heat/cool and power fro m fossil gaseous
"Transport by motorbikes, passenger cars and commercial veh icles",transport by motorbikes passenger cars and commercial veh icles,climate_da_2021_2139_20260101,https://eur-lex.europa.eu/eli/reg_del/2021/2139/2026-01-01/eng,1 Climate change mitigation | 2 Climate change adaptation,ANNEX_ACTIVITY,"6.5 Transport by motorbikes, passenger cars and commercial veh icles"
Infrastructure enabling road transport and public transpo rt,infrastructure enabling road transport and public transpo rt,climate_da_2021_2139_20260101,https://eur-lex.europa.eu/eli/reg_del/2021/2139/2026-01-01/eng,1 Climate change mitigation | 2 Climate change adaptation,ANNEX_ACTIVITY,6.15 Infrastructure enabling road transport and public transpo rt
Infrastructure for water transport,infrastructure for water transport,climate_da_2021_2139_20260101,https://eur-lex.europa.eu/eli/reg_del/2021/2139/2026-01-01/eng,1 Climate change mitigation | 2 Climate change adaptation,ANNEX_ACTIVITY,6.16 Infrastructure for water transport
Airport infrastructure,airport infrastructure,climate_da_2021_2139_20260101,https://eur-lex.europa.eu/eli/reg_del/2021/2139/2026-01-01/eng,1 Climate change mitigation | 2 Climate change adaptation,ANNEX_ACTIVITY,6.17 Airport infrastructure
"Computer programming, consultancy and related activities",computer programming consultancy and related activities,climate_da_2021_2139_20260101,https://eur-lex.europa.eu/eli/reg_del/2021/2139/2026-01-01/eng,1 Climate change mitigation | 2 Climate change adaptation,ANNEX_ACTIVITY,"8.2 Computer programming, consultancy and related activities"
Programming and broadcasting activities,programming and broadcasting activities,climate_da_2021_2139_20260101,https://eur-lex.europa.eu/eli/reg_del/2021/2139/2026-01-01/eng,1 Climate change mitigation | 2 Climate change adaptation,ANNEX_ACTIVITY,8.3 Programming and broadcasting activities
Engineering activities and related technical consultancy d edicated to,engineering activities and related technical consultancy d edicated to,climate_da_2021_2139_20260101,https://eur-lex.europa.eu/eli/reg_del/2021/2139/2026-01-01/eng,1 Climate change mitigation | 2 Climate change adaptation,ANNEX_ACTIVITY,9.1 Engineering activities and related technical consultancy d edicated to
Non-life insurance: underwriting of climate-related peril s,non life insurance underwriting of climate related peril s,climate_da_2021_2139_20260101,https://eur-lex.europa.eu/eli/reg_del/2021/2139/2026-01-01/eng,1 Climate change mitigation | 2 Climate change adaptation,ANNEX_ACTIVITY,10.1 Non-life insurance: underwriting of climate-related peril s
Reinsurance,reinsurance,climate_da_2021_2139_20260101,https://eur-lex.europa.eu/eli/reg_del/2021/2139/2026-01-01/eng,1 Climate change mitigation | 2 Climate change adaptation,ANNEX_ACTIVITY,10.2 Reinsurance
Residential care activities,residential care activities,climate_da_2021_2139_20260101,https://eur-lex.europa.eu/eli/reg_del/2021/2139/2026-01-01/eng,1 Climate change mitigation | 2 Climate change adaptation,ANNEX_ACTIVITY,12.1 Residential care activities
"Creative, arts and entertainment activities",creative arts and entertainment activities,climate_da_2021_2139_20260101,https://eur-lex.europa.eu/eli/reg_del/2021/2139/2026-01-01/eng,1 Climate change mitigation | 2 Climate change adaptation,ANNEX_ACTIVITY,"13.1 Creative, arts and entertainment activities"
"Libraries, archives, museums and cultural activities",libraries archives museums and cultural activities,climate_da_2021_2139_20260101,https://eur-lex.europa.eu/eli/reg_del/2021/2139/2026-01-01/eng,1 Climate change mitigation | 2 Climate change adaptation,ANNEX_ACTIVITY,"13.2 Libraries, archives, museums and cultural activities"
"Motion picture, video and television programme production , sound",motion picture video and television programme production sound,climate_da_2021_2139_20260101,https://eur-lex.europa.eu/eli/reg_del/2021/2139/2026-01-01/eng,1 Climate change mitigation | 2 Climate change adaptation,ANNEX_ACTIVITY,"13.3 Motion picture, video and television programme production , sound"
The area on which the activity takes place is covered by a n,the area on which the activity takes place is covered by a n,climate_da_2021_2139_20260101,https://eur-lex.europa.eu/eli/reg_del/2021/2139/2026-01-01/eng,1 Climate change mitigation | 2 Climate change adaptation,ANNEX_ACTIVITY,1.1 The area on which the activity takes place is covered by a n
"Preferably through the afforestation plan, or if informati on is",preferably through the afforestation plan or if informati on is,climate_da_2021_2139_20260101,https://eur-lex.europa.eu/eli/reg_del/2021/2139/2026-01-01/eng,1 Climate change mitigation | 2 Climate change adaptation,ANNEX_ACTIVITY,"1.2 Preferably through the afforestation plan, or if informati on is"
"When the area becomes a forest, the afforestation plan is",when the area becomes a forest the afforestation plan is,climate_da_2021_2139_20260101,https://eur-lex.europa.eu/eli/reg_del/2021/2139/2026-01-01/eng,1 Climate change mitigation | 2 Climate change adaptation,ANNEX_ACTIVITY,"1.3 When the area becomes a forest, the afforestation plan is"
Information is provided on the following points that are n ot,information is provided on the following points that are n ot,climate_da_2021_2139_20260101,https://eur-lex.europa.eu/eli/reg_del/2021/2139/2026-01-01/eng,1 Climate change mitigation | 2 Climate change adaptation,ANNEX_ACTIVITY,1.4 Information is provided on the following points that are n ot
The activity follows the best afforestation practices laid down,the activity follows the best afforestation practices laid down,climate_da_2021_2139_20260101,https://eur-lex.europa.eu/eli/reg_del/2021/2139/2026-01-01/eng,1 Climate change mitigation | 2 Climate change adaptation,ANNEX_ACTIVITY,1.5 The activity follows the best afforestation practices laid down
The activity does not involve the degradation of land with,the activity does not involve the degradation of land with,climate_da_2021_2139_20260101,https://eur-lex.europa.eu/eli/reg_del/2021/2139/2026-01-01/eng,1 Climate change mitigation | 2 Climate change adaptation,ANNEX_ACTIVITY,1.6 The activity does not involve the degradation of land with
The management system associated with the activity in plac e,the management system associated with the activity in plac e,climate_da_2021_2139_20260101,https://eur-lex.europa.eu/eli/reg_del/2021/2139/2026-01-01/eng,1 Climate change mitigation | 2 Climate change adaptation,ANNEX_ACTIVITY,1.7 The management system associated with the activity in plac e
The afforestation plan and the subsequent forest managemen t,the afforestation plan and the subsequent forest managemen t,climate_da_2021_2139_20260101,https://eur-lex.europa.eu/eli/reg_del/2021/2139/2026-01-01/eng,1 Climate change mitigation | 2 Climate change adaptation,ANNEX_ACTIVITY,1.8 The afforestation plan and the subsequent forest managemen t
The activity takes place on area that is subject to a fore st,the activity takes place on area that is subject to a fore st,climate_da_2021_2139_20260101,https://eur-lex.europa.eu/eli/reg_del/2021/2139/2026-01-01/eng,1 Climate change mitigation | 2 Climate change adaptation,ANNEX_ACTIVITY,1.1 The activity takes place on area that is subject to a fore st
"The sustainability of the forest management systems, as do cu­",the sustainability of the forest management systems as do cu,climate_da_2021_2139_20260101,https://eur-lex.europa.eu/eli/reg_del/2021/2139/2026-01-01/eng,1 Climate change mitigation | 2 Climate change adaptation,ANNEX_ACTIVITY,"1.3 The sustainability of the forest management systems, as do cu­"
The forest management plan or equivalent instrument,the forest management plan or equivalent instrument,climate_da_2021_2139_20260101,https://eur-lex.europa.eu/eli/reg_del/2021/2139/2026-01-01/eng,1 Climate change mitigation | 2 Climate change adaptation,ANNEX_ACTIVITY,1.6 The forest management plan or equivalent instrument
"The sustainability of the forest management system, as doc u­",the sustainability of the forest management system as doc u,climate_da_2021_2139_20260101,https://eur-lex.europa.eu/eli/reg_del/2021/2139/2026-01-01/eng,1 Climate change mitigation | 2 Climate change adaptation,ANNEX_ACTIVITY,"1.3 The sustainability of the forest management system, as doc u­"
The forest management plan or equivalent document provides,the forest management plan or equivalent document provides,climate_da_2021_2139_20260101,https://eur-lex.europa.eu/eli/reg_del/2021/2139/2026-01-01/eng,1 Climate change mitigation | 2 Climate change adaptation,ANNEX_ACTIVITY,1.6 The forest management plan or equivalent document provides
The sustainability of the forest management system as docu ­,the sustainability of the forest management system as docu,climate_da_2021_2139_20260101,https://eur-lex.europa.eu/eli/reg_del/2021/2139/2026-01-01/eng,1 Climate change mitigation | 2 Climate change adaptation,ANNEX_ACTIVITY,1.4 The sustainability of the forest management system as docu ­
"The area is covered by a restoration plan, which is consis tent",the area is covered by a restoration plan which is consis tent,climate_da_2021_2139_20260101,https://eur-lex.europa.eu/eli/reg_del/2021/2139/2026-01-01/eng,1 Climate change mitigation | 2 Climate change adaptation,ANNEX_ACTIVITY,"1.1 The area is covered by a restoration plan, which is consis tent"
The restoration plan contains careful consideration of loc al,the restoration plan contains careful consideration of loc al,climate_da_2021_2139_20260101,https://eur-lex.europa.eu/eli/reg_del/2021/2139/2026-01-01/eng,1 Climate change mitigation | 2 Climate change adaptation,ANNEX_ACTIVITY,1.2 The restoration plan contains careful consideration of loc al
All wetland management relevant DNSH criteria are,all wetland management relevant dnsh criteria are,climate_da_2021_2139_20260101,https://eur-lex.europa.eu/eli/reg_del/2021/2139/2026-01-01/eng,1 Climate change mitigation | 2 Climate change adaptation,ANNEX_ACTIVITY,1.3 All wetland management relevant DNSH criteria are
The restoration plan provides for monitoring which ensures,the restoration plan provides for monitoring which ensures,climate_da_2021_2139_20260101,https://eur-lex.europa.eu/eli/reg_del/2021/2139/2026-01-01/eng,1 Climate change mitigation | 2 Climate change adaptation,ANNEX_ACTIVITY,1.4 The restoration plan provides for monitoring which ensures
The effectiveness of those measures is monitored in the,the effectiveness of those measures is monitored in the,climate_da_2021_2139_20260101,https://eur-lex.europa.eu/eli/reg_del/2021/2139/2026-01-01/eng,1 Climate change mitigation | 2 Climate change adaptation,ANNEX_ACTIVITY,2.3 The effectiveness of those measures is monitored in the
"On the basis of that impact assessment, it has been estab­",on the basis of that impact assessment it has been estab,climate_da_2021_2139_20260101,https://eur-lex.europa.eu/eli/reg_del/2021/2139/2026-01-01/eng,1 Climate change mitigation | 2 Climate change adaptation,ANNEX_ACTIVITY,"3.2 On the basis of that impact assessment, it has been estab­"
The plant does not permanently compromise the achievement,the plant does not permanently compromise the achievement,climate_da_2021_2139_20260101,https://eur-lex.europa.eu/eli/reg_del/2021/2139/2026-01-01/eng,1 Climate change mitigation | 2 Climate change adaptation,ANNEX_ACTIVITY,3.4 The plant does not permanently compromise the achievement
Desalination,desalination,climate_da_2021_2139_20260101,https://eur-lex.europa.eu/eli/reg_del/2021/2139/2026-01-01/eng,1 Climate change mitigation | 2 Climate change adaptation,ANNEX_ACTIVITY,5.13 Desalination
Infrastructure enabling road transport and public transport,infrastructure enabling road transport and public transport,climate_da_2021_2139_20260101,https://eur-lex.europa.eu/eli/reg_del/2021/2139/2026-01-01/eng,1 Climate change mitigation | 2 Climate change adaptation,ANNEX_ACTIVITY,6.15 Infrastructure enabling road transport and public transport
Software enabling physical climate risk management and adaptation,software enabling physical climate risk management and adaptation,climate_da_2021_2139_20260101,https://eur-lex.europa.eu/eli/reg_del/2021/2139/2026-01-01/eng,1 Climate change mitigation | 2 Climate change adaptation,ANNEX_ACTIVITY,8.4 Software enabling physical climate risk management and adaptation
Engineering activities and related technical consultancy dedicated to,engineering activities and related technical consultancy dedicated to,climate_da_2021_2139_20260101,https://eur-lex.europa.eu/eli/reg_del/2021/2139/2026-01-01/eng,1 Climate change mitigation | 2 Climate change adaptation,ANNEX_ACTIVITY,9.1 Engineering activities and related technical consultancy dedicated to
Consultancy for physical climate risk management and adaptation,consultancy for physical climate risk management and adaptation,climate_da_2021_2139_20260101,https://eur-lex.europa.eu/eli/reg_del/2021/2139/2026-01-01/eng,1 Climate change mitigation | 2 Climate change adaptation,ANNEX_ACTIVITY,9.3 Consultancy for physical climate risk management and adaptation
Non-life insurance: underwriting of climate-related perils,non life insurance underwriting of climate related perils,climate_da_2021_2139_20260101,https://eur-lex.europa.eu/eli/reg_del/2021/2139/2026-01-01/eng,1 Climate change mitigation | 2 Climate change adaptation,ANNEX_ACTIVITY,10.1 Non-life insurance: underwriting of climate-related perils
The insurance activity uses state-of-the-art modelling tec hniques that:,the insurance activity uses state of the art modelling tec hniques that,climate_da_2021_2139_20260101,https://eur-lex.europa.eu/eli/reg_del/2021/2139/2026-01-01/eng,1 Climate change mitigation | 2 Climate change adaptation,ANNEX_ACTIVITY,1.1 The insurance activity uses state-of-the-art modelling tec hniques that:
The insurer publicly discloses how the climate change risk s are considered in the insurance activity,the insurer publicly discloses how the climate change risk s are considered in the insurance activity,climate_da_2021_2139_20260101,https://eur-lex.europa.eu/eli/reg_del/2021/2139/2026-01-01/eng,1 Climate change mitigation | 2 Climate change adaptation,ANNEX_ACTIVITY,1.2 The insurer publicly discloses how the climate change risk s are considered in the insurance activity
"With the exception of legal restrictions on contractual co nditions and insurance premiums, the insurance",with the exception of legal restrictions on contractual co nditions and insurance premiums the insurance,climate_da_2021_2139_20260101,https://eur-lex.europa.eu/eli/reg_del/2021/2139/2026-01-01/eng,1 Climate change mitigation | 2 Climate change adaptation,ANNEX_ACTIVITY,"1.3 With the exception of legal restrictions on contractual co nditions and insurance premiums, the insurance"
"After a climate risk event, the insurer provides informati on on the conditions under which coverage",after a climate risk event the insurer provides informati on on the conditions under which coverage,climate_da_2021_2139_20260101,https://eur-lex.europa.eu/eli/reg_del/2021/2139/2026-01-01/eng,1 Climate change mitigation | 2 Climate change adaptation,ANNEX_ACTIVITY,"1.4 After a climate risk event, the insurer provides informati on on the conditions under which coverage"
Insurance products sold under the insurance activity offer risk-based rewards for preventive actions,insurance products sold under the insurance activity offer risk based rewards for preventive actions,climate_da_2021_2139_20260101,https://eur-lex.europa.eu/eli/reg_del/2021/2139/2026-01-01/eng,1 Climate change mitigation | 2 Climate change adaptation,ANNEX_ACTIVITY,2.1 Insurance products sold under the insurance activity offer risk-based rewards for preventive actions
The distribution strategy for such products covers measure s to ensure that policyholders are informed on,the distribution strategy for such products covers measure s to ensure that policyholders are informed on,climate_da_2021_2139_20260101,https://eur-lex.europa.eu/eli/reg_del/2021/2139/2026-01-01/eng,1 Climate change mitigation | 2 Climate change adaptation,ANNEX_ACTIVITY,2.2 The distribution strategy for such products covers measure s to ensure that policyholders are informed on
Insurance products sold under the insurance activity offer coverage for the climate-related perils ( 698 ),insurance products sold under the insurance activity offer coverage for the climate related perils 698,climate_da_2021_2139_20260101,https://eur-lex.europa.eu/eli/reg_del/2021/2139/2026-01-01/eng,1 Climate change mitigation | 2 Climate change adaptation,ANNEX_ACTIVITY,3.1 Insurance products sold under the insurance activity offer coverage for the climate-related perils ( 698 )
"Depending on the demands and needs of individual customers , products may include specific risk",depending on the demands and needs of individual customers products may include specific risk,climate_da_2021_2139_20260101,https://eur-lex.europa.eu/eli/reg_del/2021/2139/2026-01-01/eng,1 Climate change mitigation | 2 Climate change adaptation,ANNEX_ACTIVITY,"3.2 Depending on the demands and needs of individual customers , products may include specific risk"
"With due regard to Regulation (EU) 2016/679 of the Europea n Parliament and of the Council ( 699 ), a",with due regard to regulation eu 2016 679 of the europea n parliament and of the council 699 a,climate_da_2021_2139_20260101,https://eur-lex.europa.eu/eli/reg_del/2021/2139/2026-01-01/eng,1 Climate change mitigation | 2 Climate change adaptation,ANNEX_ACTIVITY,"4.1 With due regard to Regulation (EU) 2016/679 of the Europea n Parliament and of the Council ( 699 ), a"
"Where the insurer is not yet sharing such data with a publ ic authority for the aforementioned purpose, it",where the insurer is not yet sharing such data with a publ ic authority for the aforementioned purpose it,climate_da_2021_2139_20260101,https://eur-lex.europa.eu/eli/reg_del/2021/2139/2026-01-01/eng,1 Climate change mitigation | 2 Climate change adaptation,ANNEX_ACTIVITY,"4.2 Where the insurer is not yet sharing such data with a publ ic authority for the aforementioned purpose, it"
The reinsurance activity uses state-of-the-art modelling t echniques that:,the reinsurance activity uses state of the art modelling t echniques that,climate_da_2021_2139_20260101,https://eur-lex.europa.eu/eli/reg_del/2021/2139/2026-01-01/eng,1 Climate change mitigation | 2 Climate change adaptation,ANNEX_ACTIVITY,1.1 The reinsurance activity uses state-of-the-art modelling t echniques that:
The reinsurer discloses publicly how the risks stemming fr om climate-related perils are considered in the,the reinsurer discloses publicly how the risks stemming fr om climate related perils are considered in the,climate_da_2021_2139_20260101,https://eur-lex.europa.eu/eli/reg_del/2021/2139/2026-01-01/eng,1 Climate change mitigation | 2 Climate change adaptation,ANNEX_ACTIVITY,1.2 The reinsurer discloses publicly how the risks stemming fr om climate-related perils are considered in the
The reinsurance activity’s underlying products cover risks stemming from climate-related perils and,the reinsurance activity s underlying products cover risks stemming from climate related perils and,climate_da_2021_2139_20260101,https://eur-lex.europa.eu/eli/reg_del/2021/2139/2026-01-01/eng,1 Climate change mitigation | 2 Climate change adaptation,ANNEX_ACTIVITY,2.1 The reinsurance activity’s underlying products cover risks stemming from climate-related perils and
The reinsurance activity complies with one or more of the following criteria:,the reinsurance activity complies with one or more of the following criteria,climate_da_2021_2139_20260101,https://eur-lex.europa.eu/eli/reg_del/2021/2139/2026-01-01/eng,1 Climate change mitigation | 2 Climate change adaptation,ANNEX_ACTIVITY,2.2 The reinsurance activity complies with one or more of the following criteria:
"Where a reinsurance product applies at the level of a port folio of underlying products, only a share of",where a reinsurance product applies at the level of a port folio of underlying products only a share of,climate_da_2021_2139_20260101,https://eur-lex.europa.eu/eli/reg_del/2021/2139/2026-01-01/eng,1 Climate change mitigation | 2 Climate change adaptation,ANNEX_ACTIVITY,"2.3 Where a reinsurance product applies at the level of a port folio of underlying products, only a share of"
"In that case, the reinsurer is able to identify the share of reinsurance premiums that relate to those",in that case the reinsurer is able to identify the share of reinsurance premiums that relate to those,climate_da_2021_2139_20260101,https://eur-lex.europa.eu/eli/reg_del/2021/2139/2026-01-01/eng,1 Climate change mitigation | 2 Climate change adaptation,ANNEX_ACTIVITY,"2.1 In that case, the reinsurer is able to identify the share of reinsurance premiums that relate to those"
Reinsurance products sold under the reinsurance activity o ffer coverage for risks stemming from,reinsurance products sold under the reinsurance activity o ffer coverage for risks stemming from,climate_da_2021_2139_20260101,https://eur-lex.europa.eu/eli/reg_del/2021/2139/2026-01-01/eng,1 Climate change mitigation | 2 Climate change adaptation,ANNEX_ACTIVITY,3.1 Reinsurance products sold under the reinsurance activity o ffer coverage for risks stemming from
"Depending on the demands and needs of the individual custo mers of the insurer, reinsurance products",depending on the demands and needs of the individual custo mers of the insurer reinsurance products,climate_da_2021_2139_20260101,https://eur-lex.europa.eu/eli/reg_del/2021/2139/2026-01-01/eng,1 Climate change mitigation | 2 Climate change adaptation,ANNEX_ACTIVITY,"3.2 Depending on the demands and needs of the individual custo mers of the insurer, reinsurance products"
"With due regard to Regulation (EU) 2016/679, a significant share of loss data related to the reinsurer’s",with due regard to regulation eu 2016 679 a significant share of loss data related to the reinsurer s,climate_da_2021_2139_20260101,https://eur-lex.europa.eu/eli/reg_del/2021/2139/2026-01-01/eng,1 Climate change mitigation | 2 Climate change adaptation,ANNEX_ACTIVITY,"4.1 With due regard to Regulation (EU) 2016/679, a significant share of loss data related to the reinsurer’s"
"Where the reinsurer is not yet sharing such data with a pu blic authority for the aforementioned purpose,",where the reinsurer is not yet sharing such data with a pu blic authority for the aforementioned purpose,climate_da_2021_2139_20260101,https://eur-lex.europa.eu/eli/reg_del/2021/2139/2026-01-01/eng,1 Climate change mitigation | 2 Climate change adaptation,ANNEX_ACTIVITY,"4.2 Where the reinsurer is not yet sharing such data with a pu blic authority for the aforementioned purpose,"
Emergency Services,emergency services,climate_da_2021_2139_20260101,https://eur-lex.europa.eu/eli/reg_del/2021/2139/2026-01-01/eng,1 Climate change mitigation | 2 Climate change adaptation,ANNEX_ACTIVITY,14.1 Emergency Services
"IGO) World Health Organization, Smart Hospitals To olkit, Pan-",igo world health organization smart hospitals to olkit pan,climate_da_2021_2139_20260101,https://eur-lex.europa.eu/eli/reg_del/2021/2139/2026-01-01/eng,1 Climate change mitigation | 2 Climate change adaptation,ANNEX_ACTIVITY,"3.0 IGO) World Health Organization, Smart Hospitals To olkit, Pan-"
Flood risk prevention and protection infrastructure,flood risk prevention and protection infrastructure,climate_da_2021_2139_20260101,https://eur-lex.europa.eu/eli/reg_del/2021/2139/2026-01-01/eng,1 Climate change mitigation | 2 Climate change adaptation,ANNEX_ACTIVITY,14.2 Flood risk prevention and protection infrastructure
climate change mitigation,climate change mitigation,climate_da_2021_2139_20260101,https://eur-lex.europa.eu/eli/reg_del/2021/2139/2026-01-01/eng,1 Climate change mitigation | 2 Climate change adaptation,CONCEPT_HEADING,climate change mitigation
climate change adaptation,climate change adaptation,climate_da_2021_2139_20260101,https://eur-lex.europa.eu/eli/reg_del/2021/2139/2026-01-01/eng,1 Climate change mitigation | 2 Climate change adaptation,CONCEPT_HEADING,climate change adaptation
renewable energy,renewable energy,climate_da_2021_2139_20260101,https://eur-lex.europa.eu/eli/reg_del/2021/2139/2026-01-01/eng,1 Climate change mitigation | 2 Climate change adaptation,CONCEPT_HEADING,renewable energy
energy efficiency,energy efficiency,climate_da_2021_2139_20260101,https://eur-lex.europa.eu/eli/reg_del/2021/2139/2026-01-01/eng,1 Climate change mitigation | 2 Climate change adaptation,CONCEPT_HEADING,energy efficiency
waste management,waste management,climate_da_2021_2139_20260101,https://eur-lex.europa.eu/eli/reg_del/2021/2139/2026-01-01/eng,1 Climate change mitigation | 2 Climate change adaptation,CONCEPT_HEADING,waste management
pollution prevention,pollution prevention,climate_da_2021_2139_20260101,https://eur-lex.europa.eu/eli/reg_del/2021/2139/2026-01-01/eng,1 Climate change mitigation | 2 Climate change adaptation,CONCEPT_HEADING,pollution prevention
ecosystems,ecosystems,climate_da_2021_2139_20260101,https://eur-lex.europa.eu/eli/reg_del/2021/2139/2026-01-01/eng,1 Climate change mitigation | 2 Climate change adaptation,CONCEPT_HEADING,ecosystems
Transition to a circular economy,transition to a circular economy,climate_da_2021_2139_20260101,https://eur-lex.europa.eu/eli/reg_del/2021/2139/2026-01-01/eng,1 Climate change mitigation | 2 Climate change adaptation,CONCEPT_HEADING,Transition to a circular economy
Pollution prevention and control,pollution prevention and control,climate_da_2021_2139_20260101,https://eur-lex.europa.eu/eli/reg_del/2021/2139/2026-01-01/eng,1 Climate change mitigation | 2 Climate change adaptation,CONCEPT_HEADING,Pollution prevention and control
biodiversity,biodiversity,climate_da_2021_2139_20260101,https://eur-lex.europa.eu/eli/reg_del/2021/2139/2026-01-01/eng,1 Climate change mitigation | 2 Climate change adaptation,CONCEPT_HEADING,biodiversity
ecosystem,ecosystem,climate_da_2021_2139_20260101,https://eur-lex.europa.eu/eli/reg_del/2021/2139/2026-01-01/eng,1 Climate change mitigation | 2 Climate change adaptation,CONCEPT_HEADING,ecosystem
Ecosystem Restoration,ecosystem restoration,climate_da_2021_2139_20260101,https://eur-lex.europa.eu/eli/reg_del/2021/2139/2026-01-01/eng,1 Climate change mitigation | 2 Climate change adaptation,CONCEPT_HEADING,Ecosystem Restoration
recyclability,recyclability,climate_da_2021_2139_20260101,https://eur-lex.europa.eu/eli/reg_del/2021/2139/2026-01-01/eng,1 Climate change mitigation | 2 Climate change adaptation,CONCEPT_HEADING,recyclability
Ecodesign,ecodesign,climate_da_2021_2139_20260101,https://eur-lex.europa.eu/eli/reg_del/2021/2139/2026-01-01/eng,1 Climate change mitigation | 2 Climate change adaptation,CONCEPT_HEADING,Ecodesign
waste hierarchy,waste hierarchy,climate_da_2021_2139_20260101,https://eur-lex.europa.eu/eli/reg_del/2021/2139/2026-01-01/eng,1 Climate change mitigation | 2 Climate change adaptation,CONCEPT_HEADING,waste hierarchy
carbon capture,carbon capture,climate_da_2021_2139_20260101,https://eur-lex.europa.eu/eli/reg_del/2021/2139/2026-01-01/eng,1 Climate change mitigation | 2 Climate change adaptation,CONCEPT_HEADING,carbon capture
remanufacturing,remanufacturing,climate_da_2021_2139_20260101,https://eur-lex.europa.eu/eli/reg_del/2021/2139/2026-01-01/eng,1 Climate change mitigation | 2 Climate change adaptation,CONCEPT_HEADING,remanufacturing
water stress,water stress,climate_da_2021_2139_20260101,https://eur-lex.europa.eu/eli/reg_del/2021/2139/2026-01-01/eng,1 Climate change mitigation | 2 Climate change adaptation,CONCEPT_HEADING,water stress
water reuse,water reuse,climate_da_2021_2139_20260101,https://eur-lex.europa.eu/eli/reg_del/2021/2139/2026-01-01/eng,1 Climate change mitigation | 2 Climate change adaptation,CONCEPT_HEADING,water reuse
circular economy,circular economy,climate_da_2021_2139_20260101,https://eur-lex.europa.eu/eli/reg_del/2021/2139/2026-01-01/eng,1 Climate change mitigation | 2 Climate change adaptation,CONCEPT_HEADING,circular economy
PROTECTION AND RESTORATION OF BIODIVERSITY,protection and restoration of biodiversity,climate_da_2021_2139_20260101,https://eur-lex.europa.eu/eli/reg_del/2021/2139/2026-01-01/eng,1 Climate change mitigation | 2 Climate change adaptation,CONCEPT_HEADING,PROTECTION AND RESTORATION OF BIODIVERSITY
"Manufacture, installation and associated services for leak age control",manufacture installation and associated services for leak age control,env_da_2023_2486_20260101,https://eur-lex.europa.eu/eli/reg_del/2023/2486/2026-01-01/eng,3 Water and marine resources | 4 Circular economy | 5 Pollution prevention and control | 6 Biodiversity and ecosystems,ANNEX_ACTIVITY,"1.1 Manufacture, installation and associated services for leak age control"
Water supply,water supply,env_da_2023_2486_20260101,https://eur-lex.europa.eu/eli/reg_del/2023/2486/2026-01-01/eng,3 Water and marine resources | 4 Circular economy | 5 Pollution prevention and control | 6 Biodiversity and ecosystems,ANNEX_ACTIVITY,2.1 Water supply
Urban waste water treatment,urban waste water treatment,env_da_2023_2486_20260101,https://eur-lex.europa.eu/eli/reg_del/2023/2486/2026-01-01/eng,3 Water and marine resources | 4 Circular economy | 5 Pollution prevention and control | 6 Biodiversity and ecosystems,ANNEX_ACTIVITY,2.2 Urban waste water treatment
Sustainable urban drainage systems (SUDS),sustainable urban drainage systems suds,env_da_2023_2486_20260101,https://eur-lex.europa.eu/eli/reg_del/2023/2486/2026-01-01/eng,3 Water and marine resources | 4 Circular economy | 5 Pollution prevention and control | 6 Biodiversity and ecosystems,ANNEX_ACTIVITY,2.3 Sustainable urban drainage systems (SUDS)
Nature-based solutions for flood and drought risk preventi on and,nature based solutions for flood and drought risk preventi on and,env_da_2023_2486_20260101,https://eur-lex.europa.eu/eli/reg_del/2023/2486/2026-01-01/eng,3 Water and marine resources | 4 Circular economy | 5 Pollution prevention and control | 6 Biodiversity and ecosystems,ANNEX_ACTIVITY,3.1 Nature-based solutions for flood and drought risk preventi on and
Provision of IT/OT data-driven solutions for leakage reduc tion,provision of it ot data driven solutions for leakage reduc tion,env_da_2023_2486_20260101,https://eur-lex.europa.eu/eli/reg_del/2023/2486/2026-01-01/eng,3 Water and marine resources | 4 Circular economy | 5 Pollution prevention and control | 6 Biodiversity and ecosystems,ANNEX_ACTIVITY,4.1 Provision of IT/OT data-driven solutions for leakage reduc tion
"Manufacture, installation and associated services for leakage control",manufacture installation and associated services for leakage control,env_da_2023_2486_20260101,https://eur-lex.europa.eu/eli/reg_del/2023/2486/2026-01-01/eng,3 Water and marine resources | 4 Circular economy | 5 Pollution prevention and control | 6 Biodiversity and ecosystems,ANNEX_ACTIVITY,"1.1 Manufacture, installation and associated services for leakage control"
Nature-based solutions for flood and drought risk prevention and,nature based solutions for flood and drought risk prevention and,env_da_2023_2486_20260101,https://eur-lex.europa.eu/eli/reg_del/2023/2486/2026-01-01/eng,3 Water and marine resources | 4 Circular economy | 5 Pollution prevention and control | 6 Biodiversity and ecosystems,ANNEX_ACTIVITY,3.1 Nature-based solutions for flood and drought risk prevention and
Provision of IT/OT data-driven solutions for leakage reduction,provision of it ot data driven solutions for leakage reduction,env_da_2023_2486_20260101,https://eur-lex.europa.eu/eli/reg_del/2023/2486/2026-01-01/eng,3 Water and marine resources | 4 Circular economy | 5 Pollution prevention and control | 6 Biodiversity and ecosystems,ANNEX_ACTIVITY,4.1 Provision of IT/OT data-driven solutions for leakage reduction
Manufacture of plastic packaging goods,manufacture of plastic packaging goods,env_da_2023_2486_20260101,https://eur-lex.europa.eu/eli/reg_del/2023/2486/2026-01-01/eng,3 Water and marine resources | 4 Circular economy | 5 Pollution prevention and control | 6 Biodiversity and ecosystems,ANNEX_ACTIVITY,1.1 Manufacture of plastic packaging goods
Manufacture of electrical and electronic equipment,manufacture of electrical and electronic equipment,env_da_2023_2486_20260101,https://eur-lex.europa.eu/eli/reg_del/2023/2486/2026-01-01/eng,3 Water and marine resources | 4 Circular economy | 5 Pollution prevention and control | 6 Biodiversity and ecosystems,ANNEX_ACTIVITY,1.2 Manufacture of electrical and electronic equipment
Phosphorus recovery from waste water,phosphorus recovery from waste water,env_da_2023_2486_20260101,https://eur-lex.europa.eu/eli/reg_del/2023/2486/2026-01-01/eng,3 Water and marine resources | 4 Circular economy | 5 Pollution prevention and control | 6 Biodiversity and ecosystems,ANNEX_ACTIVITY,2.1 Phosphorus recovery from waste water
Production of alternative water resources for purposes oth er than human,production of alternative water resources for purposes oth er than human,env_da_2023_2486_20260101,https://eur-lex.europa.eu/eli/reg_del/2023/2486/2026-01-01/eng,3 Water and marine resources | 4 Circular economy | 5 Pollution prevention and control | 6 Biodiversity and ecosystems,ANNEX_ACTIVITY,2.2 Production of alternative water resources for purposes oth er than human
Collection and transport of non-hazardous and hazardous wa ste,collection and transport of non hazardous and hazardous wa ste,env_da_2023_2486_20260101,https://eur-lex.europa.eu/eli/reg_del/2023/2486/2026-01-01/eng,3 Water and marine resources | 4 Circular economy | 5 Pollution prevention and control | 6 Biodiversity and ecosystems,ANNEX_ACTIVITY,2.3 Collection and transport of non-hazardous and hazardous wa ste
Treatment of hazardous waste,treatment of hazardous waste,env_da_2023_2486_20260101,https://eur-lex.europa.eu/eli/reg_del/2023/2486/2026-01-01/eng,3 Water and marine resources | 4 Circular economy | 5 Pollution prevention and control | 6 Biodiversity and ecosystems,ANNEX_ACTIVITY,2.4 Treatment of hazardous waste
Recovery of bio-waste by anaerobic digestion or composting,recovery of bio waste by anaerobic digestion or composting,env_da_2023_2486_20260101,https://eur-lex.europa.eu/eli/reg_del/2023/2486/2026-01-01/eng,3 Water and marine resources | 4 Circular economy | 5 Pollution prevention and control | 6 Biodiversity and ecosystems,ANNEX_ACTIVITY,2.5 Recovery of bio-waste by anaerobic digestion or composting
Depollution and dismantling of end-of-life products,depollution and dismantling of end of life products,env_da_2023_2486_20260101,https://eur-lex.europa.eu/eli/reg_del/2023/2486/2026-01-01/eng,3 Water and marine resources | 4 Circular economy | 5 Pollution prevention and control | 6 Biodiversity and ecosystems,ANNEX_ACTIVITY,2.6 Depollution and dismantling of end-of-life products
Sorting and material recovery of non-hazardous waste,sorting and material recovery of non hazardous waste,env_da_2023_2486_20260101,https://eur-lex.europa.eu/eli/reg_del/2023/2486/2026-01-01/eng,3 Water and marine resources | 4 Circular economy | 5 Pollution prevention and control | 6 Biodiversity and ecosystems,ANNEX_ACTIVITY,2.7 Sorting and material recovery of non-hazardous waste
Construction of new buildings,construction of new buildings,env_da_2023_2486_20260101,https://eur-lex.europa.eu/eli/reg_del/2023/2486/2026-01-01/eng,3 Water and marine resources | 4 Circular economy | 5 Pollution prevention and control | 6 Biodiversity and ecosystems,ANNEX_ACTIVITY,3.1 Construction of new buildings
Renovation of existing buildings,renovation of existing buildings,env_da_2023_2486_20260101,https://eur-lex.europa.eu/eli/reg_del/2023/2486/2026-01-01/eng,3 Water and marine resources | 4 Circular economy | 5 Pollution prevention and control | 6 Biodiversity and ecosystems,ANNEX_ACTIVITY,3.2 Renovation of existing buildings
Demolition and wrecking of buildings and other structures,demolition and wrecking of buildings and other structures,env_da_2023_2486_20260101,https://eur-lex.europa.eu/eli/reg_del/2023/2486/2026-01-01/eng,3 Water and marine resources | 4 Circular economy | 5 Pollution prevention and control | 6 Biodiversity and ecosystems,ANNEX_ACTIVITY,3.3 Demolition and wrecking of buildings and other structures
Maintenance of roads and motorways,maintenance of roads and motorways,env_da_2023_2486_20260101,https://eur-lex.europa.eu/eli/reg_del/2023/2486/2026-01-01/eng,3 Water and marine resources | 4 Circular economy | 5 Pollution prevention and control | 6 Biodiversity and ecosystems,ANNEX_ACTIVITY,3.4 Maintenance of roads and motorways
Use of concrete in civil engineering,use of concrete in civil engineering,env_da_2023_2486_20260101,https://eur-lex.europa.eu/eli/reg_del/2023/2486/2026-01-01/eng,3 Water and marine resources | 4 Circular economy | 5 Pollution prevention and control | 6 Biodiversity and ecosystems,ANNEX_ACTIVITY,3.5 Use of concrete in civil engineering
Provision of IT/OT data-driven solutions,provision of it ot data driven solutions,env_da_2023_2486_20260101,https://eur-lex.europa.eu/eli/reg_del/2023/2486/2026-01-01/eng,3 Water and marine resources | 4 Circular economy | 5 Pollution prevention and control | 6 Biodiversity and ecosystems,ANNEX_ACTIVITY,4.1 Provision of IT/OT data-driven solutions
"Repair, refurbishment and remanufacturing",repair refurbishment and remanufacturing,env_da_2023_2486_20260101,https://eur-lex.europa.eu/eli/reg_del/2023/2486/2026-01-01/eng,3 Water and marine resources | 4 Circular economy | 5 Pollution prevention and control | 6 Biodiversity and ecosystems,ANNEX_ACTIVITY,"5.1 Repair, refurbishment and remanufacturing"
Sale of spare parts,sale of spare parts,env_da_2023_2486_20260101,https://eur-lex.europa.eu/eli/reg_del/2023/2486/2026-01-01/eng,3 Water and marine resources | 4 Circular economy | 5 Pollution prevention and control | 6 Biodiversity and ecosystems,ANNEX_ACTIVITY,5.2 Sale of spare parts
Preparation for re-use of end-of-life products and product components,preparation for re use of end of life products and product components,env_da_2023_2486_20260101,https://eur-lex.europa.eu/eli/reg_del/2023/2486/2026-01-01/eng,3 Water and marine resources | 4 Circular economy | 5 Pollution prevention and control | 6 Biodiversity and ecosystems,ANNEX_ACTIVITY,5.3 Preparation for re-use of end-of-life products and product components
Sale of second-hand goods,sale of second hand goods,env_da_2023_2486_20260101,https://eur-lex.europa.eu/eli/reg_del/2023/2486/2026-01-01/eng,3 Water and marine resources | 4 Circular economy | 5 Pollution prevention and control | 6 Biodiversity and ecosystems,ANNEX_ACTIVITY,5.4 Sale of second-hand goods
Product-as-a-service and other circular use- and result-or iented service,product as a service and other circular use and result or iented service,env_da_2023_2486_20260101,https://eur-lex.europa.eu/eli/reg_del/2023/2486/2026-01-01/eng,3 Water and marine resources | 4 Circular economy | 5 Pollution prevention and control | 6 Biodiversity and ecosystems,ANNEX_ACTIVITY,5.5 Product-as-a-service and other circular use- and result-or iented service
Marketplace for the trade of second-hand goods for reuse,marketplace for the trade of second hand goods for reuse,env_da_2023_2486_20260101,https://eur-lex.europa.eu/eli/reg_del/2023/2486/2026-01-01/eng,3 Water and marine resources | 4 Circular economy | 5 Pollution prevention and control | 6 Biodiversity and ecosystems,ANNEX_ACTIVITY,5.6 Marketplace for the trade of second-hand goods for reuse
"The unit of packaging ( 6 ) is designed to be recyclable, so that it can be sorted and recycled at the end of life and that the",the unit of packaging 6 is designed to be recyclable so that it can be sorted and recycled at the end of life and that the,env_da_2023_2486_20260101,https://eur-lex.europa.eu/eli/reg_del/2023/2486/2026-01-01/eng,3 Water and marine resources | 4 Circular economy | 5 Pollution prevention and control | 6 Biodiversity and ecosystems,ANNEX_ACTIVITY,"2.1 The unit of packaging ( 6 ) is designed to be recyclable, so that it can be sorted and recycled at the end of life and that the"
"In addition, the packaging is evaluated as recyclable at s cale where it complies with one of the following criteria:",in addition the packaging is evaluated as recyclable at s cale where it complies with one of the following criteria,env_da_2023_2486_20260101,https://eur-lex.europa.eu/eli/reg_del/2023/2486/2026-01-01/eng,3 Water and marine resources | 4 Circular economy | 5 Pollution prevention and control | 6 Biodiversity and ecosystems,ANNEX_ACTIVITY,"2.2 In addition, the packaging is evaluated as recyclable at s cale where it complies with one of the following criteria:"
Design for long lifetime,design for long lifetime,env_da_2023_2486_20260101,https://eur-lex.europa.eu/eli/reg_del/2023/2486/2026-01-01/eng,3 Water and marine resources | 4 Circular economy | 5 Pollution prevention and control | 6 Biodiversity and ecosystems,ANNEX_ACTIVITY,2.1 Design for long lifetime
"Where the product contains software that requires update s, all versions of software components, software",where the product contains software that requires update s all versions of software components software,env_da_2023_2486_20260101,https://eur-lex.europa.eu/eli/reg_del/2023/2486/2026-01-01/eng,3 Water and marine resources | 4 Circular economy | 5 Pollution prevention and control | 6 Biodiversity and ecosystems,ANNEX_ACTIVITY,"2.1.1 Where the product contains software that requires update s, all versions of software components, software"
Products incorporating portable batteries ensure that th ose batteries are readily removable and replaceable by the,products incorporating portable batteries ensure that th ose batteries are readily removable and replaceable by the,env_da_2023_2486_20260101,https://eur-lex.europa.eu/eli/reg_del/2023/2486/2026-01-01/eng,3 Water and marine resources | 4 Circular economy | 5 Pollution prevention and control | 6 Biodiversity and ecosystems,ANNEX_ACTIVITY,2.1.2 Products incorporating portable batteries ensure that th ose batteries are readily removable and replaceable by the
"Software is not used in order to negatively affect the c ircularity of the product, including replacement of a",software is not used in order to negatively affect the c ircularity of the product including replacement of a,env_da_2023_2486_20260101,https://eur-lex.europa.eu/eli/reg_del/2023/2486/2026-01-01/eng,3 Water and marine resources | 4 Circular economy | 5 Pollution prevention and control | 6 Biodiversity and ecosystems,ANNEX_ACTIVITY,"2.1.3 Software is not used in order to negatively affect the c ircularity of the product, including replacement of a"
Design for repair and guarantee,design for repair and guarantee,env_da_2023_2486_20260101,https://eur-lex.europa.eu/eli/reg_del/2023/2486/2026-01-01/eng,3 Water and marine resources | 4 Circular economy | 5 Pollution prevention and control | 6 Biodiversity and ecosystems,ANNEX_ACTIVITY,2.2 Design for repair and guarantee
"Where a product-specific repair scoring systems is establ ished in accordance with the Union Law, the operator of",where a product specific repair scoring systems is establ ished in accordance with the union law the operator of,env_da_2023_2486_20260101,https://eur-lex.europa.eu/eli/reg_del/2023/2486/2026-01-01/eng,3 Water and marine resources | 4 Circular economy | 5 Pollution prevention and control | 6 Biodiversity and ecosystems,ANNEX_ACTIVITY,"2.2.1 Where a product-specific repair scoring systems is establ ished in accordance with the Union Law, the operator of"
The operator of the activity provides access to informat ion to professional repairers ( 26 ) throughout the lifetime,the operator of the activity provides access to informat ion to professional repairers 26 throughout the lifetime,env_da_2023_2486_20260101,https://eur-lex.europa.eu/eli/reg_del/2023/2486/2026-01-01/eng,3 Water and marine resources | 4 Circular economy | 5 Pollution prevention and control | 6 Biodiversity and ecosystems,ANNEX_ACTIVITY,2.2.2 The operator of the activity provides access to informat ion to professional repairers ( 26 ) throughout the lifetime
"Key spare parts ( 27 ), whether new or used, such as motors, batteries, circuit boar ds and any part or component",key spare parts 27 whether new or used such as motors batteries circuit boar ds and any part or component,env_da_2023_2486_20260101,https://eur-lex.europa.eu/eli/reg_del/2023/2486/2026-01-01/eng,3 Water and marine resources | 4 Circular economy | 5 Pollution prevention and control | 6 Biodiversity and ecosystems,ANNEX_ACTIVITY,"2.2.3 Key spare parts ( 27 ), whether new or used, such as motors, batteries, circuit boar ds and any part or component"
"Where there are no significant health and safety risks p resented by the product repair, the operator of the activity",where there are no significant health and safety risks p resented by the product repair the operator of the activity,env_da_2023_2486_20260101,https://eur-lex.europa.eu/eli/reg_del/2023/2486/2026-01-01/eng,3 Water and marine resources | 4 Circular economy | 5 Pollution prevention and control | 6 Biodiversity and ecosystems,ANNEX_ACTIVITY,"2.2.4 Where there are no significant health and safety risks p resented by the product repair, the operator of the activity"
"For electrical and electronic equipment designed for con sumer use, the operator of the activity provides",for electrical and electronic equipment designed for con sumer use the operator of the activity provides,env_da_2023_2486_20260101,https://eur-lex.europa.eu/eli/reg_del/2023/2486/2026-01-01/eng,3 Water and marine resources | 4 Circular economy | 5 Pollution prevention and control | 6 Biodiversity and ecosystems,ANNEX_ACTIVITY,"2.2.5 For electrical and electronic equipment designed for con sumer use, the operator of the activity provides"
Design for reuse and remanufacturing,design for reuse and remanufacturing,env_da_2023_2486_20260101,https://eur-lex.europa.eu/eli/reg_del/2023/2486/2026-01-01/eng,3 Water and marine resources | 4 Circular economy | 5 Pollution prevention and control | 6 Biodiversity and ecosystems,ANNEX_ACTIVITY,2.3 Design for reuse and remanufacturing
"Where the products are able to store data, and the data is encrypted, a software function that resets the device to",where the products are able to store data and the data is encrypted a software function that resets the device to,env_da_2023_2486_20260101,https://eur-lex.europa.eu/eli/reg_del/2023/2486/2026-01-01/eng,3 Water and marine resources | 4 Circular economy | 5 Pollution prevention and control | 6 Biodiversity and ecosystems,ANNEX_ACTIVITY,"2.3.1 Where the products are able to store data, and the data is encrypted, a software function that resets the device to"
"Where products can transfer stored data, the stored data can be easily and fully transferred to another product,",where products can transfer stored data the stored data can be easily and fully transferred to another product,env_da_2023_2486_20260101,https://eur-lex.europa.eu/eli/reg_del/2023/2486/2026-01-01/eng,3 Water and marine resources | 4 Circular economy | 5 Pollution prevention and control | 6 Biodiversity and ecosystems,ANNEX_ACTIVITY,"2.3.2 Where products can transfer stored data, the stored data can be easily and fully transferred to another product,"
Design for dismantling,design for dismantling,env_da_2023_2486_20260101,https://eur-lex.europa.eu/eli/reg_del/2023/2486/2026-01-01/eng,3 Water and marine resources | 4 Circular economy | 5 Pollution prevention and control | 6 Biodiversity and ecosystems,ANNEX_ACTIVITY,2.4 Design for dismantling
"Information on product’s end-of-life management is publi cly available for the lifetime of the product, including",information on product s end of life management is publi cly available for the lifetime of the product including,env_da_2023_2486_20260101,https://eur-lex.europa.eu/eli/reg_del/2023/2486/2026-01-01/eng,3 Water and marine resources | 4 Circular economy | 5 Pollution prevention and control | 6 Biodiversity and ecosystems,ANNEX_ACTIVITY,"2.4.1 Information on product’s end-of-life management is publi cly available for the lifetime of the product, including"
"For electrical and electronic equipment containing print ed circuit boards, hard disc drives (HDDs), electric",for electrical and electronic equipment containing print ed circuit boards hard disc drives hdds electric,env_da_2023_2486_20260101,https://eur-lex.europa.eu/eli/reg_del/2023/2486/2026-01-01/eng,3 Water and marine resources | 4 Circular economy | 5 Pollution prevention and control | 6 Biodiversity and ecosystems,ANNEX_ACTIVITY,"2.4.2 For electrical and electronic equipment containing print ed circuit boards, hard disc drives (HDDs), electric"
The activity provides tracking information on substances identified as substance of very high concern (SVHC),the activity provides tracking information on substances identified as substance of very high concern svhc,env_da_2023_2486_20260101,https://eur-lex.europa.eu/eli/reg_del/2023/2486/2026-01-01/eng,3 Water and marine resources | 4 Circular economy | 5 Pollution prevention and control | 6 Biodiversity and ecosystems,ANNEX_ACTIVITY,2.4.3 The activity provides tracking information on substances identified as substance of very high concern (SVHC)
Design for recyclability,design for recyclability,env_da_2023_2486_20260101,https://eur-lex.europa.eu/eli/reg_del/2023/2486/2026-01-01/eng,3 Water and marine resources | 4 Circular economy | 5 Pollution prevention and control | 6 Biodiversity and ecosystems,ANNEX_ACTIVITY,2.5 Design for recyclability
Proactive substitution of hazardous substances,proactive substitution of hazardous substances,env_da_2023_2486_20260101,https://eur-lex.europa.eu/eli/reg_del/2023/2486/2026-01-01/eng,3 Water and marine resources | 4 Circular economy | 5 Pollution prevention and control | 6 Biodiversity and ecosystems,ANNEX_ACTIVITY,2.6 Proactive substitution of hazardous substances
The economic activity manufactures products which demons trate proactive substitution of hazardous substances,the economic activity manufactures products which demons trate proactive substitution of hazardous substances,env_da_2023_2486_20260101,https://eur-lex.europa.eu/eli/reg_del/2023/2486/2026-01-01/eng,3 Water and marine resources | 4 Circular economy | 5 Pollution prevention and control | 6 Biodiversity and ecosystems,ANNEX_ACTIVITY,2.6.1 The economic activity manufactures products which demons trate proactive substitution of hazardous substances
The product does not contain substances of very high con cern included in Annex XIV to Regulation (EC),the product does not contain substances of very high con cern included in annex xiv to regulation ec,env_da_2023_2486_20260101,https://eur-lex.europa.eu/eli/reg_del/2023/2486/2026-01-01/eng,3 Water and marine resources | 4 Circular economy | 5 Pollution prevention and control | 6 Biodiversity and ecosystems,ANNEX_ACTIVITY,2.6.2 The product does not contain substances of very high con cern included in Annex XIV to Regulation (EC)
Exemptions to Restrictions of Hazardous Substances are l imited to the following cases:,exemptions to restrictions of hazardous substances are l imited to the following cases,env_da_2023_2486_20260101,https://eur-lex.europa.eu/eli/reg_del/2023/2486/2026-01-01/eng,3 Water and marine resources | 4 Circular economy | 5 Pollution prevention and control | 6 Biodiversity and ecosystems,ANNEX_ACTIVITY,2.6.3 Exemptions to Restrictions of Hazardous Substances are l imited to the following cases:
The hazardous substances specified in table below are no t introduced to or formed in the specified sub-,the hazardous substances specified in table below are no t introduced to or formed in the specified sub,env_da_2023_2486_20260101,https://eur-lex.europa.eu/eli/reg_del/2023/2486/2026-01-01/eng,3 Water and marine resources | 4 Circular economy | 5 Pollution prevention and control | 6 Biodiversity and ecosystems,ANNEX_ACTIVITY,2.6.4 The hazardous substances specified in table below are no t introduced to or formed in the specified sub-
The products do not contain halogen beyond the limits wh ich can be detected in line with the measurement,the products do not contain halogen beyond the limits wh ich can be detected in line with the measurement,env_da_2023_2486_20260101,https://eur-lex.europa.eu/eli/reg_del/2023/2486/2026-01-01/eng,3 Water and marine resources | 4 Circular economy | 5 Pollution prevention and control | 6 Biodiversity and ecosystems,ANNEX_ACTIVITY,2.6.5 The products do not contain halogen beyond the limits wh ich can be detected in line with the measurement
The products do not contain fluor gas,the products do not contain fluor gas,env_da_2023_2486_20260101,https://eur-lex.europa.eu/eli/reg_del/2023/2486/2026-01-01/eng,3 Water and marine resources | 4 Circular economy | 5 Pollution prevention and control | 6 Biodiversity and ecosystems,ANNEX_ACTIVITY,2.6.6 The products do not contain fluor gas
Use of Tetrabromobisphenol A (TBBPA) is allowed as react ive component for Printed Circuit Boards only,use of tetrabromobisphenol a tbbpa is allowed as react ive component for printed circuit boards only,env_da_2023_2486_20260101,https://eur-lex.europa.eu/eli/reg_del/2023/2486/2026-01-01/eng,3 Water and marine resources | 4 Circular economy | 5 Pollution prevention and control | 6 Biodiversity and ecosystems,ANNEX_ACTIVITY,2.6.7 Use of Tetrabromobisphenol A (TBBPA) is allowed as react ive component for Printed Circuit Boards only
Information to customers:,information to customers,env_da_2023_2486_20260101,https://eur-lex.europa.eu/eli/reg_del/2023/2486/2026-01-01/eng,3 Water and marine resources | 4 Circular economy | 5 Pollution prevention and control | 6 Biodiversity and ecosystems,ANNEX_ACTIVITY,2.7 Information to customers:
The operator of the activity provides information to cus tomers regarding options to use the product,the operator of the activity provides information to cus tomers regarding options to use the product,env_da_2023_2486_20260101,https://eur-lex.europa.eu/eli/reg_del/2023/2486/2026-01-01/eng,3 Water and marine resources | 4 Circular economy | 5 Pollution prevention and control | 6 Biodiversity and ecosystems,ANNEX_ACTIVITY,2.7.1 The operator of the activity provides information to cus tomers regarding options to use the product
"The operator of the activity provides information to cus tomers regarding the buy-back, sell-back and take-",the operator of the activity provides information to cus tomers regarding the buy back sell back and take,env_da_2023_2486_20260101,https://eur-lex.europa.eu/eli/reg_del/2023/2486/2026-01-01/eng,3 Water and marine resources | 4 Circular economy | 5 Pollution prevention and control | 6 Biodiversity and ecosystems,ANNEX_ACTIVITY,"2.7.2 The operator of the activity provides information to cus tomers regarding the buy-back, sell-back and take-"
"For electrical and electronic equipment, the operator of the activity appropriately marks the product with the",for electrical and electronic equipment the operator of the activity appropriately marks the product with the,env_da_2023_2486_20260101,https://eur-lex.europa.eu/eli/reg_del/2023/2486/2026-01-01/eng,3 Water and marine resources | 4 Circular economy | 5 Pollution prevention and control | 6 Biodiversity and ecosystems,ANNEX_ACTIVITY,"2.7.3 For electrical and electronic equipment, the operator of the activity appropriately marks the product with the"
Producer responsibility:,producer responsibility,env_da_2023_2486_20260101,https://eur-lex.europa.eu/eli/reg_del/2023/2486/2026-01-01/eng,3 Water and marine resources | 4 Circular economy | 5 Pollution prevention and control | 6 Biodiversity and ecosystems,ANNEX_ACTIVITY,2.8 Producer responsibility:
"The operator of the activity, when placing electrical an d electronic equipment on the market of the Member",the operator of the activity when placing electrical an d electronic equipment on the market of the member,env_da_2023_2486_20260101,https://eur-lex.europa.eu/eli/reg_del/2023/2486/2026-01-01/eng,3 Water and marine resources | 4 Circular economy | 5 Pollution prevention and control | 6 Biodiversity and ecosystems,ANNEX_ACTIVITY,"2.8.1 The operator of the activity, when placing electrical an d electronic equipment on the market of the Member"
"For portable batteries, the producer establishes waste p ortable battery take-back and collection systems,",for portable batteries the producer establishes waste p ortable battery take back and collection systems,env_da_2023_2486_20260101,https://eur-lex.europa.eu/eli/reg_del/2023/2486/2026-01-01/eng,3 Water and marine resources | 4 Circular economy | 5 Pollution prevention and control | 6 Biodiversity and ecosystems,ANNEX_ACTIVITY,"2.8.2 For portable batteries, the producer establishes waste p ortable battery take-back and collection systems,"
Production of alternative water resources for purposes other than,production of alternative water resources for purposes other than,env_da_2023_2486_20260101,https://eur-lex.europa.eu/eli/reg_del/2023/2486/2026-01-01/eng,3 Water and marine resources | 4 Circular economy | 5 Pollution prevention and control | 6 Biodiversity and ecosystems,ANNEX_ACTIVITY,2.2 Production of alternative water resources for purposes other than
Collection and transport of non-hazardous and hazardous waste,collection and transport of non hazardous and hazardous waste,env_da_2023_2486_20260101,https://eur-lex.europa.eu/eli/reg_del/2023/2486/2026-01-01/eng,3 Water and marine resources | 4 Circular economy | 5 Pollution prevention and control | 6 Biodiversity and ecosystems,ANNEX_ACTIVITY,2.3 Collection and transport of non-hazardous and hazardous waste
Following the Level(s) indicator 1,following the level s indicator 1,env_da_2023_2486_20260101,https://eur-lex.europa.eu/eli/reg_del/2023/2486/2026-01-01/eng,3 Water and marine resources | 4 Circular economy | 5 Pollution prevention and control | 6 Biodiversity and ecosystems,ANNEX_ACTIVITY,1.2 Following the Level(s) indicator 1
"Where a national calculation tool exists, or is required for",where a national calculation tool exists or is required for,env_da_2023_2486_20260101,https://eur-lex.europa.eu/eli/reg_del/2023/2486/2026-01-01/eng,3 Water and marine resources | 4 Circular economy | 5 Pollution prevention and control | 6 Biodiversity and ecosystems,ANNEX_ACTIVITY,"1.2 Where a national calculation tool exists, or is required for"
Product-as-a-service and other circular use- and result-oriented service,product as a service and other circular use and result oriented service,env_da_2023_2486_20260101,https://eur-lex.europa.eu/eli/reg_del/2023/2486/2026-01-01/eng,3 Water and marine resources | 4 Circular economy | 5 Pollution prevention and control | 6 Biodiversity and ecosystems,ANNEX_ACTIVITY,5.5 Product-as-a-service and other circular use- and result-oriented service
Manufacture of active pharmaceutical ingredients (API) or active,manufacture of active pharmaceutical ingredients api or active,env_da_2023_2486_20260101,https://eur-lex.europa.eu/eli/reg_del/2023/2486/2026-01-01/eng,3 Water and marine resources | 4 Circular economy | 5 Pollution prevention and control | 6 Biodiversity and ecosystems,ANNEX_ACTIVITY,1.1 Manufacture of active pharmaceutical ingredients (API) or active
Manufacture of medicinal products,manufacture of medicinal products,env_da_2023_2486_20260101,https://eur-lex.europa.eu/eli/reg_del/2023/2486/2026-01-01/eng,3 Water and marine resources | 4 Circular economy | 5 Pollution prevention and control | 6 Biodiversity and ecosystems,ANNEX_ACTIVITY,1.2 Manufacture of medicinal products
Collection and transport of hazardous waste,collection and transport of hazardous waste,env_da_2023_2486_20260101,https://eur-lex.europa.eu/eli/reg_del/2023/2486/2026-01-01/eng,3 Water and marine resources | 4 Circular economy | 5 Pollution prevention and control | 6 Biodiversity and ecosystems,ANNEX_ACTIVITY,2.1 Collection and transport of hazardous waste
Remediation of legally non-conforming landfills and abando ned or,remediation of legally non conforming landfills and abando ned or,env_da_2023_2486_20260101,https://eur-lex.europa.eu/eli/reg_del/2023/2486/2026-01-01/eng,3 Water and marine resources | 4 Circular economy | 5 Pollution prevention and control | 6 Biodiversity and ecosystems,ANNEX_ACTIVITY,2.3 Remediation of legally non-conforming landfills and abando ned or
Remediation of contaminated sites and areas,remediation of contaminated sites and areas,env_da_2023_2486_20260101,https://eur-lex.europa.eu/eli/reg_del/2023/2486/2026-01-01/eng,3 Water and marine resources | 4 Circular economy | 5 Pollution prevention and control | 6 Biodiversity and ecosystems,ANNEX_ACTIVITY,2.4 Remediation of contaminated sites and areas
The API complies with one of the following requirements:,the api complies with one of the following requirements,env_da_2023_2486_20260101,https://eur-lex.europa.eu/eli/reg_del/2023/2486/2026-01-01/eng,3 Water and marine resources | 4 Circular economy | 5 Pollution prevention and control | 6 Biodiversity and ecosystems,ANNEX_ACTIVITY,1.1 The API complies with one of the following requirements:
"The API qualifies as an appropriate substitute to another API, within the same therapeutic area or the substance",the api qualifies as an appropriate substitute to another api within the same therapeutic area or the substance,env_da_2023_2486_20260101,https://eur-lex.europa.eu/eli/reg_del/2023/2486/2026-01-01/eng,3 Water and marine resources | 4 Circular economy | 5 Pollution prevention and control | 6 Biodiversity and ecosystems,ANNEX_ACTIVITY,"1.2 The API qualifies as an appropriate substitute to another API, within the same therapeutic area or the substance"
Compliance with this requirement is demonstrated through a publ icly available analysis verified by an independent third,compliance with this requirement is demonstrated through a publ icly available analysis verified by an independent third,env_da_2023_2486_20260101,https://eur-lex.europa.eu/eli/reg_del/2023/2486/2026-01-01/eng,3 Water and marine resources | 4 Circular economy | 5 Pollution prevention and control | 6 Biodiversity and ecosystems,ANNEX_ACTIVITY,1.1 Compliance with this requirement is demonstrated through a publ icly available analysis verified by an independent third
"The manufacturing process of the API does not involve the use of substances, whether on their own or in mixtures,",the manufacturing process of the api does not involve the use of substances whether on their own or in mixtures,env_da_2023_2486_20260101,https://eur-lex.europa.eu/eli/reg_del/2023/2486/2026-01-01/eng,3 Water and marine resources | 4 Circular economy | 5 Pollution prevention and control | 6 Biodiversity and ecosystems,ANNEX_ACTIVITY,"1.3 The manufacturing process of the API does not involve the use of substances, whether on their own or in mixtures,"
"Where the activity falls within its scope, the emission li mit values are lower than the mid-point of the BAT-AEL",where the activity falls within its scope the emission li mit values are lower than the mid point of the bat ael,env_da_2023_2486_20260101,https://eur-lex.europa.eu/eli/reg_del/2023/2486/2026-01-01/eng,3 Water and marine resources | 4 Circular economy | 5 Pollution prevention and control | 6 Biodiversity and ecosystems,ANNEX_ACTIVITY,"2.1 Where the activity falls within its scope, the emission li mit values are lower than the mid-point of the BAT-AEL"
"Where a continuous measurement methodology for a certain p ollutant is available, the operator applies",where a continuous measurement methodology for a certain p ollutant is available the operator applies,env_da_2023_2486_20260101,https://eur-lex.europa.eu/eli/reg_del/2023/2486/2026-01-01/eng,3 Water and marine resources | 4 Circular economy | 5 Pollution prevention and control | 6 Biodiversity and ecosystems,ANNEX_ACTIVITY,"2.2 Where a continuous measurement methodology for a certain p ollutant is available, the operator applies"
"The operator applies solvent waste segregation for solvent recovery from concentrated waste streams, where",the operator applies solvent waste segregation for solvent recovery from concentrated waste streams where,env_da_2023_2486_20260101,https://eur-lex.europa.eu/eli/reg_del/2023/2486/2026-01-01/eng,3 Water and marine resources | 4 Circular economy | 5 Pollution prevention and control | 6 Biodiversity and ecosystems,ANNEX_ACTIVITY,"2.3 The operator applies solvent waste segregation for solvent recovery from concentrated waste streams, where"
"Sewage, refuse, and other waste (including solids, liquids , or gaseous by-products from manufacturing) are disposed",sewage refuse and other waste including solids liquids or gaseous by products from manufacturing are disposed,env_da_2023_2486_20260101,https://eur-lex.europa.eu/eli/reg_del/2023/2486/2026-01-01/eng,3 Water and marine resources | 4 Circular economy | 5 Pollution prevention and control | 6 Biodiversity and ecosystems,ANNEX_ACTIVITY,"2.4 Sewage, refuse, and other waste (including solids, liquids , or gaseous by-products from manufacturing) are disposed"
The medicinal product complies with the following requirem ents set out in points 1,the medicinal product complies with the following requirem ents set out in points 1,env_da_2023_2486_20260101,https://eur-lex.europa.eu/eli/reg_del/2023/2486/2026-01-01/eng,3 Water and marine resources | 4 Circular economy | 5 Pollution prevention and control | 6 Biodiversity and ecosystems,ANNEX_ACTIVITY,1.1 The medicinal product complies with the following requirem ents set out in points 1
The medicinal product complies with one of the following requirements:,the medicinal product complies with one of the following requirements,env_da_2023_2486_20260101,https://eur-lex.europa.eu/eli/reg_del/2023/2486/2026-01-01/eng,3 Water and marine resources | 4 Circular economy | 5 Pollution prevention and control | 6 Biodiversity and ecosystems,ANNEX_ACTIVITY,1.1.1 The medicinal product complies with one of the following requirements:
"The medicinal product qualifies as an appropriate substi tute to another medicinal product, within the same",the medicinal product qualifies as an appropriate substi tute to another medicinal product within the same,env_da_2023_2486_20260101,https://eur-lex.europa.eu/eli/reg_del/2023/2486/2026-01-01/eng,3 Water and marine resources | 4 Circular economy | 5 Pollution prevention and control | 6 Biodiversity and ecosystems,ANNEX_ACTIVITY,"1.1.2 The medicinal product qualifies as an appropriate substi tute to another medicinal product, within the same"
The manufacturer proves that there are no ingredients to p roduce an alternative medicinal product that qualifies as,the manufacturer proves that there are no ingredients to p roduce an alternative medicinal product that qualifies as,env_da_2023_2486_20260101,https://eur-lex.europa.eu/eli/reg_del/2023/2486/2026-01-01/eng,3 Water and marine resources | 4 Circular economy | 5 Pollution prevention and control | 6 Biodiversity and ecosystems,ANNEX_ACTIVITY,1.2 The manufacturer proves that there are no ingredients to p roduce an alternative medicinal product that qualifies as
The activity complies with all the re quirements specified in points 1,the activity complies with all the re quirements specified in points 1,env_da_2023_2486_20260101,https://eur-lex.europa.eu/eli/reg_del/2023/2486/2026-01-01/eng,3 Water and marine resources | 4 Circular economy | 5 Pollution prevention and control | 6 Biodiversity and ecosystems,ANNEX_ACTIVITY,1.1.1 The activity complies with all the re quirements specified in points 1
"The manufacturer performs an analysis that there is no a ppropriate substitute to the produced medicinal product,",the manufacturer performs an analysis that there is no a ppropriate substitute to the produced medicinal product,env_da_2023_2486_20260101,https://eur-lex.europa.eu/eli/reg_del/2023/2486/2026-01-01/eng,3 Water and marine resources | 4 Circular economy | 5 Pollution prevention and control | 6 Biodiversity and ecosystems,ANNEX_ACTIVITY,"1.2.1 The manufacturer performs an analysis that there is no a ppropriate substitute to the produced medicinal product,"
"In line with the EMA ERA guidelines, the PEC/PNEC ratio for the medicinal product obtained in the",in line with the ema era guidelines the pec pnec ratio for the medicinal product obtained in the,env_da_2023_2486_20260101,https://eur-lex.europa.eu/eli/reg_del/2023/2486/2026-01-01/eng,3 Water and marine resources | 4 Circular economy | 5 Pollution prevention and control | 6 Biodiversity and ecosystems,ANNEX_ACTIVITY,"1.2.2 In line with the EMA ERA guidelines, the PEC/PNEC ratio for the medicinal product obtained in the"
"Packaging and distribution systems allow adjusting the s old amount to the required amount by the treatment/s,",packaging and distribution systems allow adjusting the s old amount to the required amount by the treatment s,env_da_2023_2486_20260101,https://eur-lex.europa.eu/eli/reg_del/2023/2486/2026-01-01/eng,3 Water and marine resources | 4 Circular economy | 5 Pollution prevention and control | 6 Biodiversity and ecosystems,ANNEX_ACTIVITY,"1.2.3 Packaging and distribution systems allow adjusting the s old amount to the required amount by the treatment/s,"
"Public information, such as leaflets or websites, update d according to the state of the art, is provided about dose",public information such as leaflets or websites update d according to the state of the art is provided about dose,env_da_2023_2486_20260101,https://eur-lex.europa.eu/eli/reg_del/2023/2486/2026-01-01/eng,3 Water and marine resources | 4 Circular economy | 5 Pollution prevention and control | 6 Biodiversity and ecosystems,ANNEX_ACTIVITY,"1.2.4 Public information, such as leaflets or websites, update d according to the state of the art, is provided about dose"
Packaging and distribution systems allow using the most efficient dosing system available according to the state,packaging and distribution systems allow using the most efficient dosing system available according to the state,env_da_2023_2486_20260101,https://eur-lex.europa.eu/eli/reg_del/2023/2486/2026-01-01/eng,3 Water and marine resources | 4 Circular economy | 5 Pollution prevention and control | 6 Biodiversity and ecosystems,ANNEX_ACTIVITY,1.2.5 Packaging and distribution systems allow using the most efficient dosing system available according to the state
The manufacturer contributes to mitigating the environme ntal impact of incorrect waste disposal of unused,the manufacturer contributes to mitigating the environme ntal impact of incorrect waste disposal of unused,env_da_2023_2486_20260101,https://eur-lex.europa.eu/eli/reg_del/2023/2486/2026-01-01/eng,3 Water and marine resources | 4 Circular economy | 5 Pollution prevention and control | 6 Biodiversity and ecosystems,ANNEX_ACTIVITY,1.2.6 The manufacturer contributes to mitigating the environme ntal impact of incorrect waste disposal of unused
"The manufacturing process does not involve the use of subs tances, whether on their own or in mixtures, that meet",the manufacturing process does not involve the use of subs tances whether on their own or in mixtures that meet,env_da_2023_2486_20260101,https://eur-lex.europa.eu/eli/reg_del/2023/2486/2026-01-01/eng,3 Water and marine resources | 4 Circular economy | 5 Pollution prevention and control | 6 Biodiversity and ecosystems,ANNEX_ACTIVITY,"1.3 The manufacturing process does not involve the use of subs tances, whether on their own or in mixtures, that meet"
"Where the activity falls within its scope, the emission li mit values shall be lower than the mid-point of the BAT-",where the activity falls within its scope the emission li mit values shall be lower than the mid point of the bat,env_da_2023_2486_20260101,https://eur-lex.europa.eu/eli/reg_del/2023/2486/2026-01-01/eng,3 Water and marine resources | 4 Circular economy | 5 Pollution prevention and control | 6 Biodiversity and ecosystems,ANNEX_ACTIVITY,"2.1 Where the activity falls within its scope, the emission li mit values shall be lower than the mid-point of the BAT-"
"Sewage, refuse, and other waste (including solids, liquids , or gaseous by-products from manufacturing) are",sewage refuse and other waste including solids liquids or gaseous by products from manufacturing are,env_da_2023_2486_20260101,https://eur-lex.europa.eu/eli/reg_del/2023/2486/2026-01-01/eng,3 Water and marine resources | 4 Circular economy | 5 Pollution prevention and control | 6 Biodiversity and ecosystems,ANNEX_ACTIVITY,"2.4 Sewage, refuse, and other waste (including solids, liquids , or gaseous by-products from manufacturing) are"
"According to the type of activity, the activity complies w ith the requirements set out either in the best",according to the type of activity the activity complies w ith the requirements set out either in the best,env_da_2023_2486_20260101,https://eur-lex.europa.eu/eli/reg_del/2023/2486/2026-01-01/eng,3 Water and marine resources | 4 Circular economy | 5 Pollution prevention and control | 6 Biodiversity and ecosystems,ANNEX_ACTIVITY,"1.1 According to the type of activity, the activity complies w ith the requirements set out either in the best"
"During the pre-acceptance procedures, at least the followi ng information is gathered:",during the pre acceptance procedures at least the followi ng information is gathered,env_da_2023_2486_20260101,https://eur-lex.europa.eu/eli/reg_del/2023/2486/2026-01-01/eng,3 Water and marine resources | 4 Circular economy | 5 Pollution prevention and control | 6 Biodiversity and ecosystems,ANNEX_ACTIVITY,"1.2 During the pre-acceptance procedures, at least the followi ng information is gathered:"
"During the acceptance procedures, the following elements a re in place:",during the acceptance procedures the following elements a re in place,env_da_2023_2486_20260101,https://eur-lex.europa.eu/eli/reg_del/2023/2486/2026-01-01/eng,3 Water and marine resources | 4 Circular economy | 5 Pollution prevention and control | 6 Biodiversity and ecosystems,ANNEX_ACTIVITY,"1.3 During the acceptance procedures, the following elements a re in place:"
Remediation of legally non-conforming landfills and abandoned or,remediation of legally non conforming landfills and abandoned or,env_da_2023_2486_20260101,https://eur-lex.europa.eu/eli/reg_del/2023/2486/2026-01-01/eng,3 Water and marine resources | 4 Circular economy | 5 Pollution prevention and control | 6 Biodiversity and ecosystems,ANNEX_ACTIVITY,2.3 Remediation of legally non-conforming landfills and abandoned or
For remediat ion activities outside the,for remediat ion activities outside the,env_da_2023_2486_20260101,https://eur-lex.europa.eu/eli/reg_del/2023/2486/2026-01-01/eng,3 Water and marine resources | 4 Circular economy | 5 Pollution prevention and control | 6 Biodiversity and ecosystems,ANNEX_ACTIVITY,1.3.1 For remediat ion activities outside the
"For activities in third countries, in accordance with equivalen t applicable national law",for activities in third countries in accordance with equivalen t applicable national law,env_da_2023_2486_20260101,https://eur-lex.europa.eu/eli/reg_del/2023/2486/2026-01-01/eng,3 Water and marine resources | 4 Circular economy | 5 Pollution prevention and control | 6 Biodiversity and ecosystems,ANNEX_ACTIVITY,"1.3.1 For activities in third countries, in accordance with equivalen t applicable national law"
"Conservation, including restoration, of habitats, ecosyste ms and species",conservation including restoration of habitats ecosyste ms and species,env_da_2023_2486_20260101,https://eur-lex.europa.eu/eli/reg_del/2023/2486/2026-01-01/eng,3 Water and marine resources | 4 Circular economy | 5 Pollution prevention and control | 6 Biodiversity and ecosystems,ANNEX_ACTIVITY,"1.1 Conservation, including restoration, of habitats, ecosyste ms and species"
"Hotels, holiday, camping grounds and similar accommodation",hotels holiday camping grounds and similar accommodation,env_da_2023_2486_20260101,https://eur-lex.europa.eu/eli/reg_del/2023/2486/2026-01-01/eng,3 Water and marine resources | 4 Circular economy | 5 Pollution prevention and control | 6 Biodiversity and ecosystems,ANNEX_ACTIVITY,"2.1 Hotels, holiday, camping grounds and similar accommodation"
"Conservation, including restoration, of habitats ( 1 ), ecosystems ( 2 ) and",conservation including restoration of habitats 1 ecosystems 2 and,env_da_2023_2486_20260101,https://eur-lex.europa.eu/eli/reg_del/2023/2486/2026-01-01/eng,3 Water and marine resources | 4 Circular economy | 5 Pollution prevention and control | 6 Biodiversity and ecosystems,ANNEX_ACTIVITY,"1.1 Conservation, including restoration, of habitats ( 1 ), ecosystems ( 2 ) and"
The activity contributes to at least one of the following:,the activity contributes to at least one of the following,env_da_2023_2486_20260101,https://eur-lex.europa.eu/eli/reg_del/2023/2486/2026-01-01/eng,3 Water and marine resources | 4 Circular economy | 5 Pollution prevention and control | 6 Biodiversity and ecosystems,ANNEX_ACTIVITY,1.1 The activity contributes to at least one of the following:
The activity may be carried out by any type of operator ir respective of the main domain of activity,the activity may be carried out by any type of operator ir respective of the main domain of activity,env_da_2023_2486_20260101,https://eur-lex.europa.eu/eli/reg_del/2023/2486/2026-01-01/eng,3 Water and marine resources | 4 Circular economy | 5 Pollution prevention and control | 6 Biodiversity and ecosystems,ANNEX_ACTIVITY,1.2 The activity may be carried out by any type of operator ir respective of the main domain of activity
The activity takes place in an area with a detailed descri ption of its initial ecological conditions which contains,the activity takes place in an area with a detailed descri ption of its initial ecological conditions which contains,env_da_2023_2486_20260101,https://eur-lex.europa.eu/eli/reg_del/2023/2486/2026-01-01/eng,3 Water and marine resources | 4 Circular economy | 5 Pollution prevention and control | 6 Biodiversity and ecosystems,ANNEX_ACTIVITY,2.1 The activity takes place in an area with a detailed descri ption of its initial ecological conditions which contains
"The area is covered by a management plan or by an equivale nt instrument, such as a restoration plan ( 7 ), which",the area is covered by a management plan or by an equivale nt instrument such as a restoration plan 7 which,env_da_2023_2486_20260101,https://eur-lex.europa.eu/eli/reg_del/2023/2486/2026-01-01/eng,3 Water and marine resources | 4 Circular economy | 5 Pollution prevention and control | 6 Biodiversity and ecosystems,ANNEX_ACTIVITY,"3.1 The area is covered by a management plan or by an equivale nt instrument, such as a restoration plan ( 7 ), which"
Where the management plan or the equivalent instrument doe s not contain all the elements specified in point 3,where the management plan or the equivalent instrument doe s not contain all the elements specified in point 3,env_da_2023_2486_20260101,https://eur-lex.europa.eu/eli/reg_del/2023/2486/2026-01-01/eng,3 Water and marine resources | 4 Circular economy | 5 Pollution prevention and control | 6 Biodiversity and ecosystems,ANNEX_ACTIVITY,3.2 Where the management plan or the equivalent instrument doe s not contain all the elements specified in point 3
The initial description of the conservation area and the m anagement plan or equivalent instrument specified in,the initial description of the conservation area and the m anagement plan or equivalent instrument specified in,env_da_2023_2486_20260101,https://eur-lex.europa.eu/eli/reg_del/2023/2486/2026-01-01/eng,3 Water and marine resources | 4 Circular economy | 5 Pollution prevention and control | 6 Biodiversity and ecosystems,ANNEX_ACTIVITY,4.1 The initial description of the conservation area and the m anagement plan or equivalent instrument specified in
"At the end of the duration of the management plan or equiv alent instrument and at least every ten years, the",at the end of the duration of the management plan or equiv alent instrument and at least every ten years the,env_da_2023_2486_20260101,https://eur-lex.europa.eu/eli/reg_del/2023/2486/2026-01-01/eng,3 Water and marine resources | 4 Circular economy | 5 Pollution prevention and control | 6 Biodiversity and ecosystems,ANNEX_ACTIVITY,"4.2 At the end of the duration of the management plan or equiv alent instrument and at least every ten years, the"
The verification in accordance with points 4,the verification in accordance with points 4,env_da_2023_2486_20260101,https://eur-lex.europa.eu/eli/reg_del/2023/2486/2026-01-01/eng,3 Water and marine resources | 4 Circular economy | 5 Pollution prevention and control | 6 Biodiversity and ecosystems,ANNEX_ACTIVITY,4.3 The verification in accordance with points 4
"In accordance with national law, the area on which the act ivity takes place is covered by one of the following",in accordance with national law the area on which the act ivity takes place is covered by one of the following,env_da_2023_2486_20260101,https://eur-lex.europa.eu/eli/reg_del/2023/2486/2026-01-01/eng,3 Water and marine resources | 4 Circular economy | 5 Pollution prevention and control | 6 Biodiversity and ecosystems,ANNEX_ACTIVITY,"5.1 In accordance with national law, the area on which the act ivity takes place is covered by one of the following"
The operator of the area where the conservation activity t akes place commits that a new management plan or,the operator of the area where the conservation activity t akes place commits that a new management plan or,env_da_2023_2486_20260101,https://eur-lex.europa.eu/eli/reg_del/2023/2486/2026-01-01/eng,3 Water and marine resources | 4 Circular economy | 5 Pollution prevention and control | 6 Biodiversity and ecosystems,ANNEX_ACTIVITY,5.2 The operator of the area where the conservation activity t akes place commits that a new management plan or
The offsetting of the impacts of another economic activity is excluded under this activity ( 10 ),the offsetting of the impacts of another economic activity is excluded under this activity 10,env_da_2023_2486_20260101,https://eur-lex.europa.eu/eli/reg_del/2023/2486/2026-01-01/eng,3 Water and marine resources | 4 Circular economy | 5 Pollution prevention and control | 6 Biodiversity and ecosystems,ANNEX_ACTIVITY,6.1 The offsetting of the impacts of another economic activity is excluded under this activity ( 10 )
The introduction of invasive alien species is prevented or their spread is managed in accordance with Regulation,the introduction of invasive alien species is prevented or their spread is managed in accordance with regulation,env_da_2023_2486_20260101,https://eur-lex.europa.eu/eli/reg_del/2023/2486/2026-01-01/eng,3 Water and marine resources | 4 Circular economy | 5 Pollution prevention and control | 6 Biodiversity and ecosystems,ANNEX_ACTIVITY,6.2 The introduction of invasive alien species is prevented or their spread is managed in accordance with Regulation
The activity contributes to conservation or restoration me asures which comply with the technical screening,the activity contributes to conservation or restoration me asures which comply with the technical screening,env_da_2023_2486_20260101,https://eur-lex.europa.eu/eli/reg_del/2023/2486/2026-01-01/eng,3 Water and marine resources | 4 Circular economy | 5 Pollution prevention and control | 6 Biodiversity and ecosystems,ANNEX_ACTIVITY,1.1 The activity contributes to conservation or restoration me asures which comply with the technical screening
The activities contributing to conservation or restoration measures as referred to in point 1,the activities contributing to conservation or restoration measures as referred to in point 1,env_da_2023_2486_20260101,https://eur-lex.europa.eu/eli/reg_del/2023/2486/2026-01-01/eng,3 Water and marine resources | 4 Circular economy | 5 Pollution prevention and control | 6 Biodiversity and ecosystems,ANNEX_ACTIVITY,1.2 The activities contributing to conservation or restoration measures as referred to in point 1
The percentage (%) contribution defined in the contractual agreement is at least equivalent to:,the percentage contribution defined in the contractual agreement is at least equivalent to,env_da_2023_2486_20260101,https://eur-lex.europa.eu/eli/reg_del/2023/2486/2026-01-01/eng,3 Water and marine resources | 4 Circular economy | 5 Pollution prevention and control | 6 Biodiversity and ecosystems,ANNEX_ACTIVITY,1.3 The percentage (%) contribution defined in the contractual agreement is at least equivalent to:
"The activity has developed and implemented an action plan specific to the tourism service or offer provided, which",the activity has developed and implemented an action plan specific to the tourism service or offer provided which,env_da_2023_2486_20260101,https://eur-lex.europa.eu/eli/reg_del/2023/2486/2026-01-01/eng,3 Water and marine resources | 4 Circular economy | 5 Pollution prevention and control | 6 Biodiversity and ecosystems,ANNEX_ACTIVITY,"2.1 The activity has developed and implemented an action plan specific to the tourism service or offer provided, which"
"The establishment has a fair share of products in line wit h market best practices (such as food and beverages,",the establishment has a fair share of products in line wit h market best practices such as food and beverages,env_da_2023_2486_20260101,https://eur-lex.europa.eu/eli/reg_del/2023/2486/2026-01-01/eng,3 Water and marine resources | 4 Circular economy | 5 Pollution prevention and control | 6 Biodiversity and ecosystems,ANNEX_ACTIVITY,"3.1 The establishment has a fair share of products in line wit h market best practices (such as food and beverages,"
"For accommodation establishments with over 50 employees, t he activity complies with one of the following",for accommodation establishments with over 50 employees t he activity complies with one of the following,env_da_2023_2486_20260101,https://eur-lex.europa.eu/eli/reg_del/2023/2486/2026-01-01/eng,3 Water and marine resources | 4 Circular economy | 5 Pollution prevention and control | 6 Biodiversity and ecosystems,ANNEX_ACTIVITY,"3.2 For accommodation establishments with over 50 employees, t he activity complies with one of the following"
An Environmental Impact Assessment (EIA) or a screening ( 30 ) has been completed in accordance with Directive,an environmental impact assessment eia or a screening 30 has been completed in accordance with directive,env_da_2023_2486_20260101,https://eur-lex.europa.eu/eli/reg_del/2023/2486/2026-01-01/eng,3 Water and marine resources | 4 Circular economy | 5 Pollution prevention and control | 6 Biodiversity and ecosystems,ANNEX_ACTIVITY,4.1 An Environmental Impact Assessment (EIA) or a screening ( 30 ) has been completed in accordance with Directive
The introduction of invasive alien species is prevented or their spread is managed in accordance with Regulation (EU),the introduction of invasive alien species is prevented or their spread is managed in accordance with regulation eu,env_da_2023_2486_20260101,https://eur-lex.europa.eu/eli/reg_del/2023/2486/2026-01-01/eng,3 Water and marine resources | 4 Circular economy | 5 Pollution prevention and control | 6 Biodiversity and ecosystems,ANNEX_ACTIVITY,4.2 The introduction of invasive alien species is prevented or their spread is managed in accordance with Regulation (EU)
Recreational hunting and fishing activities are allowed on ly where they are explicitly included as part of the,recreational hunting and fishing activities are allowed on ly where they are explicitly included as part of the,env_da_2023_2486_20260101,https://eur-lex.europa.eu/eli/reg_del/2023/2486/2026-01-01/eng,3 Water and marine resources | 4 Circular economy | 5 Pollution prevention and control | 6 Biodiversity and ecosystems,ANNEX_ACTIVITY,4.3 Recreational hunting and fishing activities are allowed on ly where they are explicitly included as part of the
"Where activities are eligible to make a substantial contributio n to more than one objective, the codes for all objectives shou ld be indicated",where activities are eligible to make a substantial contributio n to more than one objective the codes for all objectives shou ld be indicated,env_da_2023_2486_20260101,https://eur-lex.europa.eu/eli/reg_del/2023/2486/2026-01-01/eng,3 Water and marine resources | 4 Circular economy | 5 Pollution prevention and control | 6 Biodiversity and ecosystems,ANNEX_ACTIVITY,"1.1 Where activities are eligible to make a substantial contributio n to more than one objective, the codes for all objectives shou ld be indicated"
The same codes should be used in Sections A,the same codes should be used in sections a,env_da_2023_2486_20260101,https://eur-lex.europa.eu/eli/reg_del/2023/2486/2026-01-01/eng,3 Water and marine resources | 4 Circular economy | 5 Pollution prevention and control | 6 Biodiversity and ecosystems,ANNEX_ACTIVITY,3.1 The same codes should be used in Sections A
transition to a circular economy,transition to a circular economy,env_da_2023_2486_20260101,https://eur-lex.europa.eu/eli/reg_del/2023/2486/2026-01-01/eng,3 Water and marine resources | 4 Circular economy | 5 Pollution prevention and control | 6 Biodiversity and ecosystems,CONCEPT_HEADING,transition to a circular economy
pollution prevention,pollution prevention,env_da_2023_2486_20260101,https://eur-lex.europa.eu/eli/reg_del/2023/2486/2026-01-01/eng,3 Water and marine resources | 4 Circular economy | 5 Pollution prevention and control | 6 Biodiversity and ecosystems,CONCEPT_HEADING,pollution prevention
protection and restoration of biodiversity,protection and restoration of biodiversity,env_da_2023_2486_20260101,https://eur-lex.europa.eu/eli/reg_del/2023/2486/2026-01-01/eng,3 Water and marine resources | 4 Circular economy | 5 Pollution prevention and control | 6 Biodiversity and ecosystems,CONCEPT_HEADING,protection and restoration of biodiversity
ecosystems,ecosystems,env_da_2023_2486_20260101,https://eur-lex.europa.eu/eli/reg_del/2023/2486/2026-01-01/eng,3 Water and marine resources | 4 Circular economy | 5 Pollution prevention and control | 6 Biodiversity and ecosystems,CONCEPT_HEADING,ecosystems
pollution prevention and control,pollution prevention and control,env_da_2023_2486_20260101,https://eur-lex.europa.eu/eli/reg_del/2023/2486/2026-01-01/eng,3 Water and marine resources | 4 Circular economy | 5 Pollution prevention and control | 6 Biodiversity and ecosystems,CONCEPT_HEADING,pollution prevention and control
biodiversity,biodiversity,env_da_2023_2486_20260101,https://eur-lex.europa.eu/eli/reg_del/2023/2486/2026-01-01/eng,3 Water and marine resources | 4 Circular economy | 5 Pollution prevention and control | 6 Biodiversity and ecosystems,CONCEPT_HEADING,biodiversity
waste management,waste management,env_da_2023_2486_20260101,https://eur-lex.europa.eu/eli/reg_del/2023/2486/2026-01-01/eng,3 Water and marine resources | 4 Circular economy | 5 Pollution prevention and control | 6 Biodiversity and ecosystems,CONCEPT_HEADING,waste management
water stress,water stress,env_da_2023_2486_20260101,https://eur-lex.europa.eu/eli/reg_del/2023/2486/2026-01-01/eng,3 Water and marine resources | 4 Circular economy | 5 Pollution prevention and control | 6 Biodiversity and ecosystems,CONCEPT_HEADING,water stress
circular economy,circular economy,env_da_2023_2486_20260101,https://eur-lex.europa.eu/eli/reg_del/2023/2486/2026-01-01/eng,3 Water and marine resources | 4 Circular economy | 5 Pollution prevention and control | 6 Biodiversity and ecosystems,CONCEPT_HEADING,circular economy
recyclability,recyclability,env_da_2023_2486_20260101,https://eur-lex.europa.eu/eli/reg_del/2023/2486/2026-01-01/eng,3 Water and marine resources | 4 Circular economy | 5 Pollution prevention and control | 6 Biodiversity and ecosystems,CONCEPT_HEADING,recyclability
ecosystem restoration,ecosystem restoration,env_da_2023_2486_20260101,https://eur-lex.europa.eu/eli/reg_del/2023/2486/2026-01-01/eng,3 Water and marine resources | 4 Circular economy | 5 Pollution prevention and control | 6 Biodiversity and ecosystems,CONCEPT_HEADING,ecosystem restoration
ecosystem,ecosystem,env_da_2023_2486_20260101,https://eur-lex.europa.eu/eli/reg_del/2023/2486/2026-01-01/eng,3 Water and marine resources | 4 Circular economy | 5 Pollution prevention and control | 6 Biodiversity and ecosystems,CONCEPT_HEADING,ecosystem
water leakage,water leakage,env_da_2023_2486_20260101,https://eur-lex.europa.eu/eli/reg_del/2023/2486/2026-01-01/eng,3 Water and marine resources | 4 Circular economy | 5 Pollution prevention and control | 6 Biodiversity and ecosystems,CONCEPT_HEADING,water leakage
waste hierarchy,waste hierarchy,env_da_2023_2486_20260101,https://eur-lex.europa.eu/eli/reg_del/2023/2486/2026-01-01/eng,3 Water and marine resources | 4 Circular economy | 5 Pollution prevention and control | 6 Biodiversity and ecosystems,CONCEPT_HEADING,waste hierarchy
ecodesign,ecodesign,env_da_2023_2486_20260101,https://eur-lex.europa.eu/eli/reg_del/2023/2486/2026-01-01/eng,3 Water and marine resources | 4 Circular economy | 5 Pollution prevention and control | 6 Biodiversity and ecosystems,CONCEPT_HEADING,ecodesign
climate change adaptation,climate change adaptation,env_da_2023_2486_20260101,https://eur-lex.europa.eu/eli/reg_del/2023/2486/2026-01-01/eng,3 Water and marine resources | 4 Circular economy | 5 Pollution prevention and control | 6 Biodiversity and ecosystems,CONCEPT_HEADING,climate change adaptation
remanufacturing,remanufacturing,env_da_2023_2486_20260101,https://eur-lex.europa.eu/eli/reg_del/2023/2486/2026-01-01/eng,3 Water and marine resources | 4 Circular economy | 5 Pollution prevention and control | 6 Biodiversity and ecosystems,CONCEPT_HEADING,remanufacturing
energy efficiency,energy efficiency,env_da_2023_2486_20260101,https://eur-lex.europa.eu/eli/reg_del/2023/2486/2026-01-01/eng,3 Water and marine resources | 4 Circular economy | 5 Pollution prevention and control | 6 Biodiversity and ecosystems,CONCEPT_HEADING,energy efficiency
water reuse,water reuse,env_da_2023_2486_20260101,https://eur-lex.europa.eu/eli/reg_del/2023/2486/2026-01-01/eng,3 Water and marine resources | 4 Circular economy | 5 Pollution prevention and control | 6 Biodiversity and ecosystems,CONCEPT_HEADING,water reuse
waste prevention,waste prevention,env_da_2023_2486_20260101,https://eur-lex.europa.eu/eli/reg_del/2023/2486/2026-01-01/eng,3 Water and marine resources | 4 Circular economy | 5 Pollution prevention and control | 6 Biodiversity and ecosystems,CONCEPT_HEADING,waste prevention
climate change mitigation,climate change mitigation,env_da_2023_2486_20260101,https://eur-lex.europa.eu/eli/reg_del/2023/2486/2026-01-01/eng,3 Water and marine resources | 4 Circular economy | 5 Pollution prevention and control | 6 Biodiversity and ecosystems,CONCEPT_HEADING,climate change mitigation
carbon storage,carbon storage,env_da_2023_2486_20260101,https://eur-lex.europa.eu/eli/reg_del/2023/2486/2026-01-01/eng,3 Water and marine resources | 4 Circular economy | 5 Pollution prevention and control | 6 Biodiversity and ecosystems,CONCEPT_HEADING,carbon storage
Air and climate ................................................................................................. 25,air and climate 25,cep_eurostat,https://ec.europa.eu/eurostat/documents/1798247/12177560/Classification%2Bof%2Benvironmental%2Bpurposes%2B%28CEP%29.pdf/7283e770-d10a-dd9a-b491-59661d2c9c42,CEP cross-sector environmental purposes,CEP_CODE_LABEL,01 Air and climate ................................................................................................. 25
Reduction and control of greenhouse gases ................................................................... 25,reduction and control of greenhouse gases 25,cep_eurostat,https://ec.europa.eu/eurostat/documents/1798247/12177560/Classification%2Bof%2Benvironmental%2Bpurposes%2B%28CEP%29.pdf/7283e770-d10a-dd9a-b491-59661d2c9c42,CEP cross-sector environmental purposes,CEP_CODE_LABEL,0101 Reduction and control of greenhouse gases ................................................................... 25
Prevention of greenhouse gases emissions ............................................................... 26,prevention of greenhouse gases emissions 26,cep_eurostat,https://ec.europa.eu/eurostat/documents/1798247/12177560/Classification%2Bof%2Benvironmental%2Bpurposes%2B%28CEP%29.pdf/7283e770-d10a-dd9a-b491-59661d2c9c42,CEP cross-sector environmental purposes,CEP_CODE_LABEL,010101 Prevention of greenhouse gases emissions ............................................................... 26
Treatment of greenhouse gases................................................................................. 26,treatment of greenhouse gases 26,cep_eurostat,https://ec.europa.eu/eurostat/documents/1798247/12177560/Classification%2Bof%2Benvironmental%2Bpurposes%2B%28CEP%29.pdf/7283e770-d10a-dd9a-b491-59661d2c9c42,CEP cross-sector environmental purposes,CEP_CODE_LABEL,010102 Treatment of greenhouse gases................................................................................. 26
Monitoring and measurement of greenhouse gases .................................................. 27,monitoring and measurement of greenhouse gases 27,cep_eurostat,https://ec.europa.eu/eurostat/documents/1798247/12177560/Classification%2Bof%2Benvironmental%2Bpurposes%2B%28CEP%29.pdf/7283e770-d10a-dd9a-b491-59661d2c9c42,CEP cross-sector environmental purposes,CEP_CODE_LABEL,010103 Monitoring and measurement of greenhouse gases .................................................. 27
Others for reduction and control of greenhouse gases n.e.c...................................... 27,others for reduction and control of greenhouse gases n e c 27,cep_eurostat,https://ec.europa.eu/eurostat/documents/1798247/12177560/Classification%2Bof%2Benvironmental%2Bpurposes%2B%28CEP%29.pdf/7283e770-d10a-dd9a-b491-59661d2c9c42,CEP cross-sector environmental purposes,CEP_CODE_LABEL,010199 Others for reduction and control of greenhouse gases n.e.c...................................... 27
Reduction and control of other air pollutants .................................................................. 28,reduction and control of other air pollutants 28,cep_eurostat,https://ec.europa.eu/eurostat/documents/1798247/12177560/Classification%2Bof%2Benvironmental%2Bpurposes%2B%28CEP%29.pdf/7283e770-d10a-dd9a-b491-59661d2c9c42,CEP cross-sector environmental purposes,CEP_CODE_LABEL,0102 Reduction and control of other air pollutants .................................................................. 28
Prevention of other air pollutants emissions ............................................................... 28,prevention of other air pollutants emissions 28,cep_eurostat,https://ec.europa.eu/eurostat/documents/1798247/12177560/Classification%2Bof%2Benvironmental%2Bpurposes%2B%28CEP%29.pdf/7283e770-d10a-dd9a-b491-59661d2c9c42,CEP cross-sector environmental purposes,CEP_CODE_LABEL,010201 Prevention of other air pollutants emissions ............................................................... 28
Treatment of other air pollutants ................................................................................. 29,treatment of other air pollutants 29,cep_eurostat,https://ec.europa.eu/eurostat/documents/1798247/12177560/Classification%2Bof%2Benvironmental%2Bpurposes%2B%28CEP%29.pdf/7283e770-d10a-dd9a-b491-59661d2c9c42,CEP cross-sector environmental purposes,CEP_CODE_LABEL,010202 Treatment of other air pollutants ................................................................................. 29
Monitoring and measurement of other air pollutants .................................................. 29,monitoring and measurement of other air pollutants 29,cep_eurostat,https://ec.europa.eu/eurostat/documents/1798247/12177560/Classification%2Bof%2Benvironmental%2Bpurposes%2B%28CEP%29.pdf/7283e770-d10a-dd9a-b491-59661d2c9c42,CEP cross-sector environmental purposes,CEP_CODE_LABEL,010203 Monitoring and measurement of other air pollutants .................................................. 29
Others for reduction and control of other air pollutants n.e.c. ..................................... 29,others for reduction and control of other air pollutants n e c 29,cep_eurostat,https://ec.europa.eu/eurostat/documents/1798247/12177560/Classification%2Bof%2Benvironmental%2Bpurposes%2B%28CEP%29.pdf/7283e770-d10a-dd9a-b491-59661d2c9c42,CEP cross-sector environmental purposes,CEP_CODE_LABEL,010299 Others for reduction and control of other air pollutants n.e.c. ..................................... 29
Energy .................................................................................................................. 31,energy 31,cep_eurostat,https://ec.europa.eu/eurostat/documents/1798247/12177560/Classification%2Bof%2Benvironmental%2Bpurposes%2B%28CEP%29.pdf/7283e770-d10a-dd9a-b491-59661d2c9c42,CEP cross-sector environmental purposes,CEP_CODE_LABEL,02 Energy .................................................................................................................. 31
Energy from renewable sources ....................................................................................... 31,energy from renewable sources 31,cep_eurostat,https://ec.europa.eu/eurostat/documents/1798247/12177560/Classification%2Bof%2Benvironmental%2Bpurposes%2B%28CEP%29.pdf/7283e770-d10a-dd9a-b491-59661d2c9c42,CEP cross-sector environmental purposes,CEP_CODE_LABEL,0201 Energy from renewable sources ....................................................................................... 31
Production of energy from renewable sources ........................................................... 31,production of energy from renewable sources 31,cep_eurostat,https://ec.europa.eu/eurostat/documents/1798247/12177560/Classification%2Bof%2Benvironmental%2Bpurposes%2B%28CEP%29.pdf/7283e770-d10a-dd9a-b491-59661d2c9c42,CEP cross-sector environmental purposes,CEP_CODE_LABEL,020101 Production of energy from renewable sources ........................................................... 31
Equipment and technologies for renewable energy ................................................... 32,equipment and technologies for renewable energy 32,cep_eurostat,https://ec.europa.eu/eurostat/documents/1798247/12177560/Classification%2Bof%2Benvironmental%2Bpurposes%2B%28CEP%29.pdf/7283e770-d10a-dd9a-b491-59661d2c9c42,CEP cross-sector environmental purposes,CEP_CODE_LABEL,020102 Equipment and technologies for renewable energy ................................................... 32
Supporting services for renewable energy ................................................................. 33,supporting services for renewable energy 33,cep_eurostat,https://ec.europa.eu/eurostat/documents/1798247/12177560/Classification%2Bof%2Benvironmental%2Bpurposes%2B%28CEP%29.pdf/7283e770-d10a-dd9a-b491-59661d2c9c42,CEP cross-sector environmental purposes,CEP_CODE_LABEL,020103 Supporting services for renewable energy ................................................................. 33
Monitoring and measurement of energy from renewable sources ............................. 33,monitoring and measurement of energy from renewable sources 33,cep_eurostat,https://ec.europa.eu/eurostat/documents/1798247/12177560/Classification%2Bof%2Benvironmental%2Bpurposes%2B%28CEP%29.pdf/7283e770-d10a-dd9a-b491-59661d2c9c42,CEP cross-sector environmental purposes,CEP_CODE_LABEL,020104 Monitoring and measurement of energy from renewable sources ............................. 33
Others for energy from renewable sources n.e.c. ...................................................... 33,others for energy from renewable sources n e c 33,cep_eurostat,https://ec.europa.eu/eurostat/documents/1798247/12177560/Classification%2Bof%2Benvironmental%2Bpurposes%2B%28CEP%29.pdf/7283e770-d10a-dd9a-b491-59661d2c9c42,CEP cross-sector environmental purposes,CEP_CODE_LABEL,020199 Others for energy from renewable sources n.e.c. ...................................................... 33
Energy savings and management ..................................................................................... 33,energy savings and management 33,cep_eurostat,https://ec.europa.eu/eurostat/documents/1798247/12177560/Classification%2Bof%2Benvironmental%2Bpurposes%2B%28CEP%29.pdf/7283e770-d10a-dd9a-b491-59661d2c9c42,CEP cross-sector environmental purposes,CEP_CODE_LABEL,0202 Energy savings and management ..................................................................................... 33
Energy savings through in-process modifications ...................................................... 34,energy savings through in process modifications 34,cep_eurostat,https://ec.europa.eu/eurostat/documents/1798247/12177560/Classification%2Bof%2Benvironmental%2Bpurposes%2B%28CEP%29.pdf/7283e770-d10a-dd9a-b491-59661d2c9c42,CEP cross-sector environmental purposes,CEP_CODE_LABEL,020201 Energy savings through in-process modifications ...................................................... 34
Energy efficient buildings; other efficient energy-demand technologies..................... 35,energy efficient buildings other efficient energy demand technologies 35,cep_eurostat,https://ec.europa.eu/eurostat/documents/1798247/12177560/Classification%2Bof%2Benvironmental%2Bpurposes%2B%28CEP%29.pdf/7283e770-d10a-dd9a-b491-59661d2c9c42,CEP cross-sector environmental purposes,CEP_CODE_LABEL,020202 Energy efficient buildings; other efficient energy-demand technologies..................... 35
Monitoring and measurement for energy savings and management ......................... 35,monitoring and measurement for energy savings and management 35,cep_eurostat,https://ec.europa.eu/eurostat/documents/1798247/12177560/Classification%2Bof%2Benvironmental%2Bpurposes%2B%28CEP%29.pdf/7283e770-d10a-dd9a-b491-59661d2c9c42,CEP cross-sector environmental purposes,CEP_CODE_LABEL,020203 Monitoring and measurement for energy savings and management ......................... 35
Others for energy savings and management n.e.c..................................................... 36,others for energy savings and management n e c 36,cep_eurostat,https://ec.europa.eu/eurostat/documents/1798247/12177560/Classification%2Bof%2Benvironmental%2Bpurposes%2B%28CEP%29.pdf/7283e770-d10a-dd9a-b491-59661d2c9c42,CEP cross-sector environmental purposes,CEP_CODE_LABEL,020299 Others for energy savings and management n.e.c..................................................... 36
Wastewater and water resources ................................................................... 37,wastewater and water resources 37,cep_eurostat,https://ec.europa.eu/eurostat/documents/1798247/12177560/Classification%2Bof%2Benvironmental%2Bpurposes%2B%28CEP%29.pdf/7283e770-d10a-dd9a-b491-59661d2c9c42,CEP cross-sector environmental purposes,CEP_CODE_LABEL,03 Wastewater and water resources ................................................................... 37
Wastewater management ................................................................................................... 37,wastewater management 37,cep_eurostat,https://ec.europa.eu/eurostat/documents/1798247/12177560/Classification%2Bof%2Benvironmental%2Bpurposes%2B%28CEP%29.pdf/7283e770-d10a-dd9a-b491-59661d2c9c42,CEP cross-sector environmental purposes,CEP_CODE_LABEL,0301 Wastewater management ................................................................................................... 37
Prevention of wastewater pollution ............................................................................. 37,prevention of wastewater pollution 37,cep_eurostat,https://ec.europa.eu/eurostat/documents/1798247/12177560/Classification%2Bof%2Benvironmental%2Bpurposes%2B%28CEP%29.pdf/7283e770-d10a-dd9a-b491-59661d2c9c42,CEP cross-sector environmental purposes,CEP_CODE_LABEL,030101 Prevention of wastewater pollution ............................................................................. 37
Management of sewerage networks ........................................................................... 38,management of sewerage networks 38,cep_eurostat,https://ec.europa.eu/eurostat/documents/1798247/12177560/Classification%2Bof%2Benvironmental%2Bpurposes%2B%28CEP%29.pdf/7283e770-d10a-dd9a-b491-59661d2c9c42,CEP cross-sector environmental purposes,CEP_CODE_LABEL,030102 Management of sewerage networks ........................................................................... 38
Treatment of wastewater ............................................................................................ 38,treatment of wastewater 38,cep_eurostat,https://ec.europa.eu/eurostat/documents/1798247/12177560/Classification%2Bof%2Benvironmental%2Bpurposes%2B%28CEP%29.pdf/7283e770-d10a-dd9a-b491-59661d2c9c42,CEP cross-sector environmental purposes,CEP_CODE_LABEL,030103 Treatment of wastewater ............................................................................................ 38
Treatment of cooling water ......................................................................................... 39,treatment of cooling water 39,cep_eurostat,https://ec.europa.eu/eurostat/documents/1798247/12177560/Classification%2Bof%2Benvironmental%2Bpurposes%2B%28CEP%29.pdf/7283e770-d10a-dd9a-b491-59661d2c9c42,CEP cross-sector environmental purposes,CEP_CODE_LABEL,030104 Treatment of cooling water ......................................................................................... 39
Monitoring and measurement for wastewater management ...................................... 40,monitoring and measurement for wastewater management 40,cep_eurostat,https://ec.europa.eu/eurostat/documents/1798247/12177560/Classification%2Bof%2Benvironmental%2Bpurposes%2B%28CEP%29.pdf/7283e770-d10a-dd9a-b491-59661d2c9c42,CEP cross-sector environmental purposes,CEP_CODE_LABEL,030105 Monitoring and measurement for wastewater management ...................................... 40
Others for wastewater treatment n.e.c. ...................................................................... 40,others for wastewater treatment n e c 40,cep_eurostat,https://ec.europa.eu/eurostat/documents/1798247/12177560/Classification%2Bof%2Benvironmental%2Bpurposes%2B%28CEP%29.pdf/7283e770-d10a-dd9a-b491-59661d2c9c42,CEP cross-sector environmental purposes,CEP_CODE_LABEL,030199 Others for wastewater treatment n.e.c. ...................................................................... 40
Water savings and management of natural water resources ....................................... 40,water savings and management of natural water resources 40,cep_eurostat,https://ec.europa.eu/eurostat/documents/1798247/12177560/Classification%2Bof%2Benvironmental%2Bpurposes%2B%28CEP%29.pdf/7283e770-d10a-dd9a-b491-59661d2c9c42,CEP cross-sector environmental purposes,CEP_CODE_LABEL,0302 Water savings and management of natural water resources ....................................... 40
Reduction of water intake ........................................................................................... 41,reduction of water intake 41,cep_eurostat,https://ec.europa.eu/eurostat/documents/1798247/12177560/Classification%2Bof%2Benvironmental%2Bpurposes%2B%28CEP%29.pdf/7283e770-d10a-dd9a-b491-59661d2c9c42,CEP cross-sector environmental purposes,CEP_CODE_LABEL,030201 Reduction of water intake ........................................................................................... 41
"Water reuse and savings, reduction of water losses and leaks.................................. 41",water reuse and savings reduction of water losses and leaks 41,cep_eurostat,https://ec.europa.eu/eurostat/documents/1798247/12177560/Classification%2Bof%2Benvironmental%2Bpurposes%2B%28CEP%29.pdf/7283e770-d10a-dd9a-b491-59661d2c9c42,CEP cross-sector environmental purposes,CEP_CODE_LABEL,"030202 Water reuse and savings, reduction of water losses and leaks.................................. 41"
Replenishment of natural water resources ................................................................. 42,replenishment of natural water resources 42,cep_eurostat,https://ec.europa.eu/eurostat/documents/1798247/12177560/Classification%2Bof%2Benvironmental%2Bpurposes%2B%28CEP%29.pdf/7283e770-d10a-dd9a-b491-59661d2c9c42,CEP cross-sector environmental purposes,CEP_CODE_LABEL,030203 Replenishment of natural water resources ................................................................. 42
Monitoring and measurement of water savings and water resources ........................ 42,monitoring and measurement of water savings and water resources 42,cep_eurostat,https://ec.europa.eu/eurostat/documents/1798247/12177560/Classification%2Bof%2Benvironmental%2Bpurposes%2B%28CEP%29.pdf/7283e770-d10a-dd9a-b491-59661d2c9c42,CEP cross-sector environmental purposes,CEP_CODE_LABEL,030204 Monitoring and measurement of water savings and water resources ........................ 42
Others for water savings and management of natural water resources n.e.c. ........... 42,others for water savings and management of natural water resources n e c 42,cep_eurostat,https://ec.europa.eu/eurostat/documents/1798247/12177560/Classification%2Bof%2Benvironmental%2Bpurposes%2B%28CEP%29.pdf/7283e770-d10a-dd9a-b491-59661d2c9c42,CEP cross-sector environmental purposes,CEP_CODE_LABEL,030299 Others for water savings and management of natural water resources n.e.c. ........... 42
"Waste, materials recovery and savings ......................................................... 44",waste materials recovery and savings 44,cep_eurostat,https://ec.europa.eu/eurostat/documents/1798247/12177560/Classification%2Bof%2Benvironmental%2Bpurposes%2B%28CEP%29.pdf/7283e770-d10a-dd9a-b491-59661d2c9c42,CEP cross-sector environmental purposes,CEP_CODE_LABEL,"04 Waste, materials recovery and savings ......................................................... 44"
Waste management ............................................................................................................ 44,waste management 44,cep_eurostat,https://ec.europa.eu/eurostat/documents/1798247/12177560/Classification%2Bof%2Benvironmental%2Bpurposes%2B%28CEP%29.pdf/7283e770-d10a-dd9a-b491-59661d2c9c42,CEP cross-sector environmental purposes,CEP_CODE_LABEL,0401 Waste management ............................................................................................................ 44
Prevention of solid waste pollution ............................................................................. 45,prevention of solid waste pollution 45,cep_eurostat,https://ec.europa.eu/eurostat/documents/1798247/12177560/Classification%2Bof%2Benvironmental%2Bpurposes%2B%28CEP%29.pdf/7283e770-d10a-dd9a-b491-59661d2c9c42,CEP cross-sector environmental purposes,CEP_CODE_LABEL,040101 Prevention of solid waste pollution ............................................................................. 45
Collection and transport of waste ............................................................................... 45,collection and transport of waste 45,cep_eurostat,https://ec.europa.eu/eurostat/documents/1798247/12177560/Classification%2Bof%2Benvironmental%2Bpurposes%2B%28CEP%29.pdf/7283e770-d10a-dd9a-b491-59661d2c9c42,CEP cross-sector environmental purposes,CEP_CODE_LABEL,040102 Collection and transport of waste ............................................................................... 45
Treatment and disposal of hazardous waste .............................................................. 46,treatment and disposal of hazardous waste 46,cep_eurostat,https://ec.europa.eu/eurostat/documents/1798247/12177560/Classification%2Bof%2Benvironmental%2Bpurposes%2B%28CEP%29.pdf/7283e770-d10a-dd9a-b491-59661d2c9c42,CEP cross-sector environmental purposes,CEP_CODE_LABEL,040103 Treatment and disposal of hazardous waste .............................................................. 46
Treatment and disposal of non-hazardous waste ....................................................... 47,treatment and disposal of non hazardous waste 47,cep_eurostat,https://ec.europa.eu/eurostat/documents/1798247/12177560/Classification%2Bof%2Benvironmental%2Bpurposes%2B%28CEP%29.pdf/7283e770-d10a-dd9a-b491-59661d2c9c42,CEP cross-sector environmental purposes,CEP_CODE_LABEL,040104 Treatment and disposal of non-hazardous waste ....................................................... 47
Monitoring and measurement for waste management ............................................... 48,monitoring and measurement for waste management 48,cep_eurostat,https://ec.europa.eu/eurostat/documents/1798247/12177560/Classification%2Bof%2Benvironmental%2Bpurposes%2B%28CEP%29.pdf/7283e770-d10a-dd9a-b491-59661d2c9c42,CEP cross-sector environmental purposes,CEP_CODE_LABEL,040105 Monitoring and measurement for waste management ............................................... 48
Others for waste management n.e.c. ......................................................................... 48,others for waste management n e c 48,cep_eurostat,https://ec.europa.eu/eurostat/documents/1798247/12177560/Classification%2Bof%2Benvironmental%2Bpurposes%2B%28CEP%29.pdf/7283e770-d10a-dd9a-b491-59661d2c9c42,CEP cross-sector environmental purposes,CEP_CODE_LABEL,040199 Others for waste management n.e.c. ......................................................................... 48
Materials recovery and savings......................................................................................... 48,materials recovery and savings 48,cep_eurostat,https://ec.europa.eu/eurostat/documents/1798247/12177560/Classification%2Bof%2Benvironmental%2Bpurposes%2B%28CEP%29.pdf/7283e770-d10a-dd9a-b491-59661d2c9c42,CEP cross-sector environmental purposes,CEP_CODE_LABEL,0402 Materials recovery and savings......................................................................................... 48
Reduction of the intake of wood ................................................................................. 49,reduction of the intake of wood 49,cep_eurostat,https://ec.europa.eu/eurostat/documents/1798247/12177560/Classification%2Bof%2Benvironmental%2Bpurposes%2B%28CEP%29.pdf/7283e770-d10a-dd9a-b491-59661d2c9c42,CEP cross-sector environmental purposes,CEP_CODE_LABEL,040201 Reduction of the intake of wood ................................................................................. 49
Reduction of the intake of mineral .............................................................................. 50,reduction of the intake of mineral 50,cep_eurostat,https://ec.europa.eu/eurostat/documents/1798247/12177560/Classification%2Bof%2Benvironmental%2Bpurposes%2B%28CEP%29.pdf/7283e770-d10a-dd9a-b491-59661d2c9c42,CEP cross-sector environmental purposes,CEP_CODE_LABEL,040202 Reduction of the intake of mineral .............................................................................. 50
Reduction of the intake of fossil fuels for non-energy use .......................................... 51,reduction of the intake of fossil fuels for non energy use 51,cep_eurostat,https://ec.europa.eu/eurostat/documents/1798247/12177560/Classification%2Bof%2Benvironmental%2Bpurposes%2B%28CEP%29.pdf/7283e770-d10a-dd9a-b491-59661d2c9c42,CEP cross-sector environmental purposes,CEP_CODE_LABEL,040203 Reduction of the intake of fossil fuels for non-energy use .......................................... 51
Reduction of the intake of natural resource for textiles .............................................. 51,reduction of the intake of natural resource for textiles 51,cep_eurostat,https://ec.europa.eu/eurostat/documents/1798247/12177560/Classification%2Bof%2Benvironmental%2Bpurposes%2B%28CEP%29.pdf/7283e770-d10a-dd9a-b491-59661d2c9c42,CEP cross-sector environmental purposes,CEP_CODE_LABEL,040204 Reduction of the intake of natural resource for textiles .............................................. 51
Reduction of the intake of other materials .................................................................. 52,reduction of the intake of other materials 52,cep_eurostat,https://ec.europa.eu/eurostat/documents/1798247/12177560/Classification%2Bof%2Benvironmental%2Bpurposes%2B%28CEP%29.pdf/7283e770-d10a-dd9a-b491-59661d2c9c42,CEP cross-sector environmental purposes,CEP_CODE_LABEL,040205 Reduction of the intake of other materials .................................................................. 52
Monitoring and measurement of materials recovery and savings .............................. 52,monitoring and measurement of materials recovery and savings 52,cep_eurostat,https://ec.europa.eu/eurostat/documents/1798247/12177560/Classification%2Bof%2Benvironmental%2Bpurposes%2B%28CEP%29.pdf/7283e770-d10a-dd9a-b491-59661d2c9c42,CEP cross-sector environmental purposes,CEP_CODE_LABEL,040206 Monitoring and measurement of materials recovery and savings .............................. 52
Others for materials recovery and savings n.e.c. ....................................................... 53,others for materials recovery and savings n e c 53,cep_eurostat,https://ec.europa.eu/eurostat/documents/1798247/12177560/Classification%2Bof%2Benvironmental%2Bpurposes%2B%28CEP%29.pdf/7283e770-d10a-dd9a-b491-59661d2c9c42,CEP cross-sector environmental purposes,CEP_CODE_LABEL,040299 Others for materials recovery and savings n.e.c. ....................................................... 53
"Soil, surface and groundwater, biodiversity and forest .................................... 54",soil surface and groundwater biodiversity and forest 54,cep_eurostat,https://ec.europa.eu/eurostat/documents/1798247/12177560/Classification%2Bof%2Benvironmental%2Bpurposes%2B%28CEP%29.pdf/7283e770-d10a-dd9a-b491-59661d2c9c42,CEP cross-sector environmental purposes,CEP_CODE_LABEL,"05 Soil, surface and groundwater, biodiversity and forest .................................... 54"
"Protection of soil, surface and groundwater.................................................................... 54",protection of soil surface and groundwater 54,cep_eurostat,https://ec.europa.eu/eurostat/documents/1798247/12177560/Classification%2Bof%2Benvironmental%2Bpurposes%2B%28CEP%29.pdf/7283e770-d10a-dd9a-b491-59661d2c9c42,CEP cross-sector environmental purposes,CEP_CODE_LABEL,"0501 Protection of soil, surface and groundwater.................................................................... 54"
Prevention of pollutant infiltration into soil and water bodies ...................................... 54,prevention of pollutant infiltration into soil and water bodies 54,cep_eurostat,https://ec.europa.eu/eurostat/documents/1798247/12177560/Classification%2Bof%2Benvironmental%2Bpurposes%2B%28CEP%29.pdf/7283e770-d10a-dd9a-b491-59661d2c9c42,CEP cross-sector environmental purposes,CEP_CODE_LABEL,050101 Prevention of pollutant infiltration into soil and water bodies ...................................... 54
Cleaning up of soil and water bodies.......................................................................... 55,cleaning up of soil and water bodies 55,cep_eurostat,https://ec.europa.eu/eurostat/documents/1798247/12177560/Classification%2Bof%2Benvironmental%2Bpurposes%2B%28CEP%29.pdf/7283e770-d10a-dd9a-b491-59661d2c9c42,CEP cross-sector environmental purposes,CEP_CODE_LABEL,050102 Cleaning up of soil and water bodies.......................................................................... 55
Protection from erosion and other physical degradation of soil and water ................. 56,protection from erosion and other physical degradation of soil and water 56,cep_eurostat,https://ec.europa.eu/eurostat/documents/1798247/12177560/Classification%2Bof%2Benvironmental%2Bpurposes%2B%28CEP%29.pdf/7283e770-d10a-dd9a-b491-59661d2c9c42,CEP cross-sector environmental purposes,CEP_CODE_LABEL,050103 Protection from erosion and other physical degradation of soil and water ................. 56
Prevention and remediation of soil and groundwater salinity ..................................... 56,prevention and remediation of soil and groundwater salinity 56,cep_eurostat,https://ec.europa.eu/eurostat/documents/1798247/12177560/Classification%2Bof%2Benvironmental%2Bpurposes%2B%28CEP%29.pdf/7283e770-d10a-dd9a-b491-59661d2c9c42,CEP cross-sector environmental purposes,CEP_CODE_LABEL,050104 Prevention and remediation of soil and groundwater salinity ..................................... 56
"Monitoring and measurement for soil, surface and groundwater ............................... 57",monitoring and measurement for soil surface and groundwater 57,cep_eurostat,https://ec.europa.eu/eurostat/documents/1798247/12177560/Classification%2Bof%2Benvironmental%2Bpurposes%2B%28CEP%29.pdf/7283e770-d10a-dd9a-b491-59661d2c9c42,CEP cross-sector environmental purposes,CEP_CODE_LABEL,"050105 Monitoring and measurement for soil, surface and groundwater ............................... 57"
"Others for soil, surface and groundwater n.e.c. .......................................................... 57",others for soil surface and groundwater n e c 57,cep_eurostat,https://ec.europa.eu/eurostat/documents/1798247/12177560/Classification%2Bof%2Benvironmental%2Bpurposes%2B%28CEP%29.pdf/7283e770-d10a-dd9a-b491-59661d2c9c42,CEP cross-sector environmental purposes,CEP_CODE_LABEL,"050199 Others for soil, surface and groundwater n.e.c. .......................................................... 57"
Protection of biodiversity and landscape ......................................................................... 57,protection of biodiversity and landscape 57,cep_eurostat,https://ec.europa.eu/eurostat/documents/1798247/12177560/Classification%2Bof%2Benvironmental%2Bpurposes%2B%28CEP%29.pdf/7283e770-d10a-dd9a-b491-59661d2c9c42,CEP cross-sector environmental purposes,CEP_CODE_LABEL,0502 Protection of biodiversity and landscape ......................................................................... 57
Protection and rehabilitation of species and habitats ................................................. 58,protection and rehabilitation of species and habitats 58,cep_eurostat,https://ec.europa.eu/eurostat/documents/1798247/12177560/Classification%2Bof%2Benvironmental%2Bpurposes%2B%28CEP%29.pdf/7283e770-d10a-dd9a-b491-59661d2c9c42,CEP cross-sector environmental purposes,CEP_CODE_LABEL,050201 Protection and rehabilitation of species and habitats ................................................. 58
Protection of natural and semi-natural landscapes .................................................... 59,protection of natural and semi natural landscapes 59,cep_eurostat,https://ec.europa.eu/eurostat/documents/1798247/12177560/Classification%2Bof%2Benvironmental%2Bpurposes%2B%28CEP%29.pdf/7283e770-d10a-dd9a-b491-59661d2c9c42,CEP cross-sector environmental purposes,CEP_CODE_LABEL,050202 Protection of natural and semi-natural landscapes .................................................... 59
Monitoring and measurement for biodiversity and landscape .................................... 60,monitoring and measurement for biodiversity and landscape 60,cep_eurostat,https://ec.europa.eu/eurostat/documents/1798247/12177560/Classification%2Bof%2Benvironmental%2Bpurposes%2B%28CEP%29.pdf/7283e770-d10a-dd9a-b491-59661d2c9c42,CEP cross-sector environmental purposes,CEP_CODE_LABEL,050203 Monitoring and measurement for biodiversity and landscape .................................... 60
Others for protection of biodiversity and landscape n.e.c........................................... 60,others for protection of biodiversity and landscape n e c 60,cep_eurostat,https://ec.europa.eu/eurostat/documents/1798247/12177560/Classification%2Bof%2Benvironmental%2Bpurposes%2B%28CEP%29.pdf/7283e770-d10a-dd9a-b491-59661d2c9c42,CEP cross-sector environmental purposes,CEP_CODE_LABEL,050299 Others for protection of biodiversity and landscape n.e.c........................................... 60
Management of forest resources ...................................................................................... 61,management of forest resources 61,cep_eurostat,https://ec.europa.eu/eurostat/documents/1798247/12177560/Classification%2Bof%2Benvironmental%2Bpurposes%2B%28CEP%29.pdf/7283e770-d10a-dd9a-b491-59661d2c9c42,CEP cross-sector environmental purposes,CEP_CODE_LABEL,0503 Management of forest resources ...................................................................................... 61
"Reforestation, afforestation and forest-related land management ............................. 62",reforestation afforestation and forest related land management 62,cep_eurostat,https://ec.europa.eu/eurostat/documents/1798247/12177560/Classification%2Bof%2Benvironmental%2Bpurposes%2B%28CEP%29.pdf/7283e770-d10a-dd9a-b491-59661d2c9c42,CEP cross-sector environmental purposes,CEP_CODE_LABEL,"050301 Reforestation, afforestation and forest-related land management ............................. 62"
Protection against forest fires ..................................................................................... 62,protection against forest fires 62,cep_eurostat,https://ec.europa.eu/eurostat/documents/1798247/12177560/Classification%2Bof%2Benvironmental%2Bpurposes%2B%28CEP%29.pdf/7283e770-d10a-dd9a-b491-59661d2c9c42,CEP cross-sector environmental purposes,CEP_CODE_LABEL,050302 Protection against forest fires ..................................................................................... 62
Monitoring and measurement of forest resources ...................................................... 62,monitoring and measurement of forest resources 62,cep_eurostat,https://ec.europa.eu/eurostat/documents/1798247/12177560/Classification%2Bof%2Benvironmental%2Bpurposes%2B%28CEP%29.pdf/7283e770-d10a-dd9a-b491-59661d2c9c42,CEP cross-sector environmental purposes,CEP_CODE_LABEL,050303 Monitoring and measurement of forest resources ...................................................... 62
Others for management of forest resources n.e.c. ..................................................... 63,others for management of forest resources n e c 63,cep_eurostat,https://ec.europa.eu/eurostat/documents/1798247/12177560/Classification%2Bof%2Benvironmental%2Bpurposes%2B%28CEP%29.pdf/7283e770-d10a-dd9a-b491-59661d2c9c42,CEP cross-sector environmental purposes,CEP_CODE_LABEL,050399 Others for management of forest resources n.e.c. ..................................................... 63
Noise and radiation .............................................................................................. 64,noise and radiation 64,cep_eurostat,https://ec.europa.eu/eurostat/documents/1798247/12177560/Classification%2Bof%2Benvironmental%2Bpurposes%2B%28CEP%29.pdf/7283e770-d10a-dd9a-b491-59661d2c9c42,CEP cross-sector environmental purposes,CEP_CODE_LABEL,06 Noise and radiation .............................................................................................. 64
Protection against noise and vibration............................................................................. 64,protection against noise and vibration 64,cep_eurostat,https://ec.europa.eu/eurostat/documents/1798247/12177560/Classification%2Bof%2Benvironmental%2Bpurposes%2B%28CEP%29.pdf/7283e770-d10a-dd9a-b491-59661d2c9c42,CEP cross-sector environmental purposes,CEP_CODE_LABEL,0601 Protection against noise and vibration............................................................................. 64
Prevention and reduction of noise and vibration ........................................................ 64,prevention and reduction of noise and vibration 64,cep_eurostat,https://ec.europa.eu/eurostat/documents/1798247/12177560/Classification%2Bof%2Benvironmental%2Bpurposes%2B%28CEP%29.pdf/7283e770-d10a-dd9a-b491-59661d2c9c42,CEP cross-sector environmental purposes,CEP_CODE_LABEL,060101 Prevention and reduction of noise and vibration ........................................................ 64
Monitoring and measurement for protection against noise and vibration ................... 65,monitoring and measurement for protection against noise and vibration 65,cep_eurostat,https://ec.europa.eu/eurostat/documents/1798247/12177560/Classification%2Bof%2Benvironmental%2Bpurposes%2B%28CEP%29.pdf/7283e770-d10a-dd9a-b491-59661d2c9c42,CEP cross-sector environmental purposes,CEP_CODE_LABEL,060102 Monitoring and measurement for protection against noise and vibration ................... 65
Others for protection against noise and vibration n.e.c. ............................................. 65,others for protection against noise and vibration n e c 65,cep_eurostat,https://ec.europa.eu/eurostat/documents/1798247/12177560/Classification%2Bof%2Benvironmental%2Bpurposes%2B%28CEP%29.pdf/7283e770-d10a-dd9a-b491-59661d2c9c42,CEP cross-sector environmental purposes,CEP_CODE_LABEL,060199 Others for protection against noise and vibration n.e.c. ............................................. 65
Protection against radiation .............................................................................................. 66,protection against radiation 66,cep_eurostat,https://ec.europa.eu/eurostat/documents/1798247/12177560/Classification%2Bof%2Benvironmental%2Bpurposes%2B%28CEP%29.pdf/7283e770-d10a-dd9a-b491-59661d2c9c42,CEP cross-sector environmental purposes,CEP_CODE_LABEL,0602 Protection against radiation .............................................................................................. 66
Protection of ambient media against radiation ........................................................... 66,protection of ambient media against radiation 66,cep_eurostat,https://ec.europa.eu/eurostat/documents/1798247/12177560/Classification%2Bof%2Benvironmental%2Bpurposes%2B%28CEP%29.pdf/7283e770-d10a-dd9a-b491-59661d2c9c42,CEP cross-sector environmental purposes,CEP_CODE_LABEL,060201 Protection of ambient media against radiation ........................................................... 66
Transport and treatment of high level radioactive waste ............................................ 67,transport and treatment of high level radioactive waste 67,cep_eurostat,https://ec.europa.eu/eurostat/documents/1798247/12177560/Classification%2Bof%2Benvironmental%2Bpurposes%2B%28CEP%29.pdf/7283e770-d10a-dd9a-b491-59661d2c9c42,CEP cross-sector environmental purposes,CEP_CODE_LABEL,060202 Transport and treatment of high level radioactive waste ............................................ 67
Monitoring and measurement of radioactivity ............................................................. 67,monitoring and measurement of radioactivity 67,cep_eurostat,https://ec.europa.eu/eurostat/documents/1798247/12177560/Classification%2Bof%2Benvironmental%2Bpurposes%2B%28CEP%29.pdf/7283e770-d10a-dd9a-b491-59661d2c9c42,CEP cross-sector environmental purposes,CEP_CODE_LABEL,060203 Monitoring and measurement of radioactivity ............................................................. 67
Others for protection against radiation n.e.c............................................................... 67,others for protection against radiation n e c 67,cep_eurostat,https://ec.europa.eu/eurostat/documents/1798247/12177560/Classification%2Bof%2Benvironmental%2Bpurposes%2B%28CEP%29.pdf/7283e770-d10a-dd9a-b491-59661d2c9c42,CEP cross-sector environmental purposes,CEP_CODE_LABEL,060299 Others for protection against radiation n.e.c............................................................... 67
Research and development ................................................................................ 68,research and development 68,cep_eurostat,https://ec.europa.eu/eurostat/documents/1798247/12177560/Classification%2Bof%2Benvironmental%2Bpurposes%2B%28CEP%29.pdf/7283e770-d10a-dd9a-b491-59661d2c9c42,CEP cross-sector environmental purposes,CEP_CODE_LABEL,07 Research and development ................................................................................ 68
R&D for reduction and control of air emissions .............................................................. 68,r d for reduction and control of air emissions 68,cep_eurostat,https://ec.europa.eu/eurostat/documents/1798247/12177560/Classification%2Bof%2Benvironmental%2Bpurposes%2B%28CEP%29.pdf/7283e770-d10a-dd9a-b491-59661d2c9c42,CEP cross-sector environmental purposes,CEP_CODE_LABEL,0701 R&D for reduction and control of air emissions .............................................................. 68
R&D for reduction and control of greenhouse gases .................................................. 68,r d for reduction and control of greenhouse gases 68,cep_eurostat,https://ec.europa.eu/eurostat/documents/1798247/12177560/Classification%2Bof%2Benvironmental%2Bpurposes%2B%28CEP%29.pdf/7283e770-d10a-dd9a-b491-59661d2c9c42,CEP cross-sector environmental purposes,CEP_CODE_LABEL,070101 R&D for reduction and control of greenhouse gases .................................................. 68
R&D for reduction and control of other air pollutants .................................................. 68,r d for reduction and control of other air pollutants 68,cep_eurostat,https://ec.europa.eu/eurostat/documents/1798247/12177560/Classification%2Bof%2Benvironmental%2Bpurposes%2B%28CEP%29.pdf/7283e770-d10a-dd9a-b491-59661d2c9c42,CEP cross-sector environmental purposes,CEP_CODE_LABEL,070102 R&D for reduction and control of other air pollutants .................................................. 68
R&D for energy.................................................................................................................... 69,r d for energy 69,cep_eurostat,https://ec.europa.eu/eurostat/documents/1798247/12177560/Classification%2Bof%2Benvironmental%2Bpurposes%2B%28CEP%29.pdf/7283e770-d10a-dd9a-b491-59661d2c9c42,CEP cross-sector environmental purposes,CEP_CODE_LABEL,0702 R&D for energy.................................................................................................................... 69
R&D for renewables ................................................................................................... 69,r d for renewables 69,cep_eurostat,https://ec.europa.eu/eurostat/documents/1798247/12177560/Classification%2Bof%2Benvironmental%2Bpurposes%2B%28CEP%29.pdf/7283e770-d10a-dd9a-b491-59661d2c9c42,CEP cross-sector environmental purposes,CEP_CODE_LABEL,070201 R&D for renewables ................................................................................................... 69
R&D for energy savings.............................................................................................. 69,r d for energy savings 69,cep_eurostat,https://ec.europa.eu/eurostat/documents/1798247/12177560/Classification%2Bof%2Benvironmental%2Bpurposes%2B%28CEP%29.pdf/7283e770-d10a-dd9a-b491-59661d2c9c42,CEP cross-sector environmental purposes,CEP_CODE_LABEL,070202 R&D for energy savings.............................................................................................. 69
R&D for wastewater management ..................................................................................... 69,r d for wastewater management 69,cep_eurostat,https://ec.europa.eu/eurostat/documents/1798247/12177560/Classification%2Bof%2Benvironmental%2Bpurposes%2B%28CEP%29.pdf/7283e770-d10a-dd9a-b491-59661d2c9c42,CEP cross-sector environmental purposes,CEP_CODE_LABEL,0703 R&D for wastewater management ..................................................................................... 69
R&D for water resources .................................................................................................... 69,r d for water resources 69,cep_eurostat,https://ec.europa.eu/eurostat/documents/1798247/12177560/Classification%2Bof%2Benvironmental%2Bpurposes%2B%28CEP%29.pdf/7283e770-d10a-dd9a-b491-59661d2c9c42,CEP cross-sector environmental purposes,CEP_CODE_LABEL,0704 R&D for water resources .................................................................................................... 69
R&D for waste management .............................................................................................. 69,r d for waste management 69,cep_eurostat,https://ec.europa.eu/eurostat/documents/1798247/12177560/Classification%2Bof%2Benvironmental%2Bpurposes%2B%28CEP%29.pdf/7283e770-d10a-dd9a-b491-59661d2c9c42,CEP cross-sector environmental purposes,CEP_CODE_LABEL,0705 R&D for waste management .............................................................................................. 69
R&D for materials recovery and savings .......................................................................... 69,r d for materials recovery and savings 69,cep_eurostat,https://ec.europa.eu/eurostat/documents/1798247/12177560/Classification%2Bof%2Benvironmental%2Bpurposes%2B%28CEP%29.pdf/7283e770-d10a-dd9a-b491-59661d2c9c42,CEP cross-sector environmental purposes,CEP_CODE_LABEL,0706 R&D for materials recovery and savings .......................................................................... 69
"R&D for soil, surface, groundwater and biodiversity ...................................................... 70",r d for soil surface groundwater and biodiversity 70,cep_eurostat,https://ec.europa.eu/eurostat/documents/1798247/12177560/Classification%2Bof%2Benvironmental%2Bpurposes%2B%28CEP%29.pdf/7283e770-d10a-dd9a-b491-59661d2c9c42,CEP cross-sector environmental purposes,CEP_CODE_LABEL,"0707 R&D for soil, surface, groundwater and biodiversity ...................................................... 70"
"R&D for soil, surface and groundwater ....................................................................... 70",r d for soil surface and groundwater 70,cep_eurostat,https://ec.europa.eu/eurostat/documents/1798247/12177560/Classification%2Bof%2Benvironmental%2Bpurposes%2B%28CEP%29.pdf/7283e770-d10a-dd9a-b491-59661d2c9c42,CEP cross-sector environmental purposes,CEP_CODE_LABEL,"070701 R&D for soil, surface and groundwater ....................................................................... 70"
R&D for biodiversity .................................................................................................... 70,r d for biodiversity 70,cep_eurostat,https://ec.europa.eu/eurostat/documents/1798247/12177560/Classification%2Bof%2Benvironmental%2Bpurposes%2B%28CEP%29.pdf/7283e770-d10a-dd9a-b491-59661d2c9c42,CEP cross-sector environmental purposes,CEP_CODE_LABEL,070702 R&D for biodiversity .................................................................................................... 70
R&D for forest management .............................................................................................. 70,r d for forest management 70,cep_eurostat,https://ec.europa.eu/eurostat/documents/1798247/12177560/Classification%2Bof%2Benvironmental%2Bpurposes%2B%28CEP%29.pdf/7283e770-d10a-dd9a-b491-59661d2c9c42,CEP cross-sector environmental purposes,CEP_CODE_LABEL,0708 R&D for forest management .............................................................................................. 70
R&D for noise and radiation .............................................................................................. 70,r d for noise and radiation 70,cep_eurostat,https://ec.europa.eu/eurostat/documents/1798247/12177560/Classification%2Bof%2Benvironmental%2Bpurposes%2B%28CEP%29.pdf/7283e770-d10a-dd9a-b491-59661d2c9c42,CEP cross-sector environmental purposes,CEP_CODE_LABEL,0709 R&D for noise and radiation .............................................................................................. 70
R&D for noise and vibration ........................................................................................ 70,r d for noise and vibration 70,cep_eurostat,https://ec.europa.eu/eurostat/documents/1798247/12177560/Classification%2Bof%2Benvironmental%2Bpurposes%2B%28CEP%29.pdf/7283e770-d10a-dd9a-b491-59661d2c9c42,CEP cross-sector environmental purposes,CEP_CODE_LABEL,070901 R&D for noise and vibration ........................................................................................ 70
R&D for radiation ........................................................................................................ 70,r d for radiation 70,cep_eurostat,https://ec.europa.eu/eurostat/documents/1798247/12177560/Classification%2Bof%2Benvironmental%2Bpurposes%2B%28CEP%29.pdf/7283e770-d10a-dd9a-b491-59661d2c9c42,CEP cross-sector environmental purposes,CEP_CODE_LABEL,070902 R&D for radiation ........................................................................................................ 70
Cross-cutting and other environmental purposes ............................................ 71,cross cutting and other environmental purposes 71,cep_eurostat,https://ec.europa.eu/eurostat/documents/1798247/12177560/Classification%2Bof%2Benvironmental%2Bpurposes%2B%28CEP%29.pdf/7283e770-d10a-dd9a-b491-59661d2c9c42,CEP cross-sector environmental purposes,CEP_CODE_LABEL,08 Cross-cutting and other environmental purposes ............................................ 71
Environmental education and training ............................................................................. 71,environmental education and training 71,cep_eurostat,https://ec.europa.eu/eurostat/documents/1798247/12177560/Classification%2Bof%2Benvironmental%2Bpurposes%2B%28CEP%29.pdf/7283e770-d10a-dd9a-b491-59661d2c9c42,CEP cross-sector environmental purposes,CEP_CODE_LABEL,0801 Environmental education and training ............................................................................. 71
"General environmental administration, management, regulation, dissemination and",general environmental administration management regulation dissemination and,cep_eurostat,https://ec.europa.eu/eurostat/documents/1798247/12177560/Classification%2Bof%2Benvironmental%2Bpurposes%2B%28CEP%29.pdf/7283e770-d10a-dd9a-b491-59661d2c9c42,CEP cross-sector environmental purposes,CEP_CODE_LABEL,"0802 General environmental administration, management, regulation, dissemination and"
Other environmental purposes .......................................................................................... 72,other environmental purposes 72,cep_eurostat,https://ec.europa.eu/eurostat/documents/1798247/12177560/Classification%2Bof%2Benvironmental%2Bpurposes%2B%28CEP%29.pdf/7283e770-d10a-dd9a-b491-59661d2c9c42,CEP cross-sector environmental purposes,CEP_CODE_LABEL,0803 Other environmental purposes .......................................................................................... 72
Classification of environmental purposes,classification of environmental purposes,cep_eurostat,https://ec.europa.eu/eurostat/documents/1798247/12177560/Classification%2Bof%2Benvironmental%2Bpurposes%2B%28CEP%29.pdf/7283e770-d10a-dd9a-b491-59661d2c9c42,CEP cross-sector environmental purposes,CEP_CODE_LABEL,10 Classification of environmental purposes
Air and climate,air and climate,cep_eurostat,https://ec.europa.eu/eurostat/documents/1798247/12177560/Classification%2Bof%2Benvironmental%2Bpurposes%2B%28CEP%29.pdf/7283e770-d10a-dd9a-b491-59661d2c9c42,CEP cross-sector environmental purposes,CEP_CODE_LABEL,01 Air and climate
Energy,energy,cep_eurostat,https://ec.europa.eu/eurostat/documents/1798247/12177560/Classification%2Bof%2Benvironmental%2Bpurposes%2B%28CEP%29.pdf/7283e770-d10a-dd9a-b491-59661d2c9c42,CEP cross-sector environmental purposes,CEP_CODE_LABEL,02 Energy
Wastewater and water resources,wastewater and water resources,cep_eurostat,https://ec.europa.eu/eurostat/documents/1798247/12177560/Classification%2Bof%2Benvironmental%2Bpurposes%2B%28CEP%29.pdf/7283e770-d10a-dd9a-b491-59661d2c9c42,CEP cross-sector environmental purposes,CEP_CODE_LABEL,03 Wastewater and water resources
"Waste, materials recovery and savings",waste materials recovery and savings,cep_eurostat,https://ec.europa.eu/eurostat/documents/1798247/12177560/Classification%2Bof%2Benvironmental%2Bpurposes%2B%28CEP%29.pdf/7283e770-d10a-dd9a-b491-59661d2c9c42,CEP cross-sector environmental purposes,CEP_CODE_LABEL,"04 Waste, materials recovery and savings"
"Soil, surface and groundwater, biodiversity and forest",soil surface and groundwater biodiversity and forest,cep_eurostat,https://ec.europa.eu/eurostat/documents/1798247/12177560/Classification%2Bof%2Benvironmental%2Bpurposes%2B%28CEP%29.pdf/7283e770-d10a-dd9a-b491-59661d2c9c42,CEP cross-sector environmental purposes,CEP_CODE_LABEL,"05 Soil, surface and groundwater, biodiversity and forest"
Noise and radiation,noise and radiation,cep_eurostat,https://ec.europa.eu/eurostat/documents/1798247/12177560/Classification%2Bof%2Benvironmental%2Bpurposes%2B%28CEP%29.pdf/7283e770-d10a-dd9a-b491-59661d2c9c42,CEP cross-sector environmental purposes,CEP_CODE_LABEL,06 Noise and radiation
Research and development,research and development,cep_eurostat,https://ec.europa.eu/eurostat/documents/1798247/12177560/Classification%2Bof%2Benvironmental%2Bpurposes%2B%28CEP%29.pdf/7283e770-d10a-dd9a-b491-59661d2c9c42,CEP cross-sector environmental purposes,CEP_CODE_LABEL,07 Research and development
Cross-cutting and other environmental purposes,cross cutting and other environmental purposes,cep_eurostat,https://ec.europa.eu/eurostat/documents/1798247/12177560/Classification%2Bof%2Benvironmental%2Bpurposes%2B%28CEP%29.pdf/7283e770-d10a-dd9a-b491-59661d2c9c42,CEP cross-sector environmental purposes,CEP_CODE_LABEL,08 Cross-cutting and other environmental purposes
Reduction and control of greenhouse gases,reduction and control of greenhouse gases,cep_eurostat,https://ec.europa.eu/eurostat/documents/1798247/12177560/Classification%2Bof%2Benvironmental%2Bpurposes%2B%28CEP%29.pdf/7283e770-d10a-dd9a-b491-59661d2c9c42,CEP cross-sector environmental purposes,CEP_CODE_LABEL,0101 Reduction and control of greenhouse gases
Prevention of greenhouse gases emissions,prevention of greenhouse gases emissions,cep_eurostat,https://ec.europa.eu/eurostat/documents/1798247/12177560/Classification%2Bof%2Benvironmental%2Bpurposes%2B%28CEP%29.pdf/7283e770-d10a-dd9a-b491-59661d2c9c42,CEP cross-sector environmental purposes,CEP_CODE_LABEL,010101 Prevention of greenhouse gases emissions
Treatment of greenhouse gases,treatment of greenhouse gases,cep_eurostat,https://ec.europa.eu/eurostat/documents/1798247/12177560/Classification%2Bof%2Benvironmental%2Bpurposes%2B%28CEP%29.pdf/7283e770-d10a-dd9a-b491-59661d2c9c42,CEP cross-sector environmental purposes,CEP_CODE_LABEL,010102 Treatment of greenhouse gases
Monitoring and measurement of greenhouse gases,monitoring and measurement of greenhouse gases,cep_eurostat,https://ec.europa.eu/eurostat/documents/1798247/12177560/Classification%2Bof%2Benvironmental%2Bpurposes%2B%28CEP%29.pdf/7283e770-d10a-dd9a-b491-59661d2c9c42,CEP cross-sector environmental purposes,CEP_CODE_LABEL,010103 Monitoring and measurement of greenhouse gases
Others for reduction and control of greenhouse gases n.e.c.,others for reduction and control of greenhouse gases n e c,cep_eurostat,https://ec.europa.eu/eurostat/documents/1798247/12177560/Classification%2Bof%2Benvironmental%2Bpurposes%2B%28CEP%29.pdf/7283e770-d10a-dd9a-b491-59661d2c9c42,CEP cross-sector environmental purposes,CEP_CODE_LABEL,010199 Others for reduction and control of greenhouse gases n.e.c.
Reduction and control of other air pollutants,reduction and control of other air pollutants,cep_eurostat,https://ec.europa.eu/eurostat/documents/1798247/12177560/Classification%2Bof%2Benvironmental%2Bpurposes%2B%28CEP%29.pdf/7283e770-d10a-dd9a-b491-59661d2c9c42,CEP cross-sector environmental purposes,CEP_CODE_LABEL,0102 Reduction and control of other air pollutants
Prevention of other air pollutants emissions,prevention of other air pollutants emissions,cep_eurostat,https://ec.europa.eu/eurostat/documents/1798247/12177560/Classification%2Bof%2Benvironmental%2Bpurposes%2B%28CEP%29.pdf/7283e770-d10a-dd9a-b491-59661d2c9c42,CEP cross-sector environmental purposes,CEP_CODE_LABEL,010201 Prevention of other air pollutants emissions
Treatment of other air pollutants,treatment of other air pollutants,cep_eurostat,https://ec.europa.eu/eurostat/documents/1798247/12177560/Classification%2Bof%2Benvironmental%2Bpurposes%2B%28CEP%29.pdf/7283e770-d10a-dd9a-b491-59661d2c9c42,CEP cross-sector environmental purposes,CEP_CODE_LABEL,010202 Treatment of other air pollutants
Monitoring and measurement of other air pollutants,monitoring and measurement of other air pollutants,cep_eurostat,https://ec.europa.eu/eurostat/documents/1798247/12177560/Classification%2Bof%2Benvironmental%2Bpurposes%2B%28CEP%29.pdf/7283e770-d10a-dd9a-b491-59661d2c9c42,CEP cross-sector environmental purposes,CEP_CODE_LABEL,010203 Monitoring and measurement of other air pollutants
Others for reduction and control of other air pollutants n.e.c.,others for reduction and control of other air pollutants n e c,cep_eurostat,https://ec.europa.eu/eurostat/documents/1798247/12177560/Classification%2Bof%2Benvironmental%2Bpurposes%2B%28CEP%29.pdf/7283e770-d10a-dd9a-b491-59661d2c9c42,CEP cross-sector environmental purposes,CEP_CODE_LABEL,010299 Others for reduction and control of other air pollutants n.e.c.
Energy from renewable sources,energy from renewable sources,cep_eurostat,https://ec.europa.eu/eurostat/documents/1798247/12177560/Classification%2Bof%2Benvironmental%2Bpurposes%2B%28CEP%29.pdf/7283e770-d10a-dd9a-b491-59661d2c9c42,CEP cross-sector environmental purposes,CEP_CODE_LABEL,0201 Energy from renewable sources
Production of energy from renewable sources,production of energy from renewable sources,cep_eurostat,https://ec.europa.eu/eurostat/documents/1798247/12177560/Classification%2Bof%2Benvironmental%2Bpurposes%2B%28CEP%29.pdf/7283e770-d10a-dd9a-b491-59661d2c9c42,CEP cross-sector environmental purposes,CEP_CODE_LABEL,020101 Production of energy from renewable sources
Equipment and technologies for renewable energy,equipment and technologies for renewable energy,cep_eurostat,https://ec.europa.eu/eurostat/documents/1798247/12177560/Classification%2Bof%2Benvironmental%2Bpurposes%2B%28CEP%29.pdf/7283e770-d10a-dd9a-b491-59661d2c9c42,CEP cross-sector environmental purposes,CEP_CODE_LABEL,020102 Equipment and technologies for renewable energy
Supporting services for renewable energy,supporting services for renewable energy,cep_eurostat,https://ec.europa.eu/eurostat/documents/1798247/12177560/Classification%2Bof%2Benvironmental%2Bpurposes%2B%28CEP%29.pdf/7283e770-d10a-dd9a-b491-59661d2c9c42,CEP cross-sector environmental purposes,CEP_CODE_LABEL,020103 Supporting services for renewable energy
Monitoring and measurement of energy from renewable,monitoring and measurement of energy from renewable,cep_eurostat,https://ec.europa.eu/eurostat/documents/1798247/12177560/Classification%2Bof%2Benvironmental%2Bpurposes%2B%28CEP%29.pdf/7283e770-d10a-dd9a-b491-59661d2c9c42,CEP cross-sector environmental purposes,CEP_CODE_LABEL,020104 Monitoring and measurement of energy from renewable
Others for energy from renewable sources n.e.c.,others for energy from renewable sources n e c,cep_eurostat,https://ec.europa.eu/eurostat/documents/1798247/12177560/Classification%2Bof%2Benvironmental%2Bpurposes%2B%28CEP%29.pdf/7283e770-d10a-dd9a-b491-59661d2c9c42,CEP cross-sector environmental purposes,CEP_CODE_LABEL,020199 Others for energy from renewable sources n.e.c.
Energy savings and management,energy savings and management,cep_eurostat,https://ec.europa.eu/eurostat/documents/1798247/12177560/Classification%2Bof%2Benvironmental%2Bpurposes%2B%28CEP%29.pdf/7283e770-d10a-dd9a-b491-59661d2c9c42,CEP cross-sector environmental purposes,CEP_CODE_LABEL,0202 Energy savings and management
Energy savings through in-process modifications,energy savings through in process modifications,cep_eurostat,https://ec.europa.eu/eurostat/documents/1798247/12177560/Classification%2Bof%2Benvironmental%2Bpurposes%2B%28CEP%29.pdf/7283e770-d10a-dd9a-b491-59661d2c9c42,CEP cross-sector environmental purposes,CEP_CODE_LABEL,020201 Energy savings through in-process modifications
Energy efficient buildings; other efficient energy -demand,energy efficient buildings other efficient energy demand,cep_eurostat,https://ec.europa.eu/eurostat/documents/1798247/12177560/Classification%2Bof%2Benvironmental%2Bpurposes%2B%28CEP%29.pdf/7283e770-d10a-dd9a-b491-59661d2c9c42,CEP cross-sector environmental purposes,CEP_CODE_LABEL,020202 Energy efficient buildings; other efficient energy -demand
Monitoring and measurement for energy savings and,monitoring and measurement for energy savings and,cep_eurostat,https://ec.europa.eu/eurostat/documents/1798247/12177560/Classification%2Bof%2Benvironmental%2Bpurposes%2B%28CEP%29.pdf/7283e770-d10a-dd9a-b491-59661d2c9c42,CEP cross-sector environmental purposes,CEP_CODE_LABEL,020203 Monitoring and measurement for energy savings and
Others for energy savings and management n.e.c.,others for energy savings and management n e c,cep_eurostat,https://ec.europa.eu/eurostat/documents/1798247/12177560/Classification%2Bof%2Benvironmental%2Bpurposes%2B%28CEP%29.pdf/7283e770-d10a-dd9a-b491-59661d2c9c42,CEP cross-sector environmental purposes,CEP_CODE_LABEL,020299 Others for energy savings and management n.e.c.
Wastewater management,wastewater management,cep_eurostat,https://ec.europa.eu/eurostat/documents/1798247/12177560/Classification%2Bof%2Benvironmental%2Bpurposes%2B%28CEP%29.pdf/7283e770-d10a-dd9a-b491-59661d2c9c42,CEP cross-sector environmental purposes,CEP_CODE_LABEL,0301 Wastewater management
Prevention of wastewater pollution,prevention of wastewater pollution,cep_eurostat,https://ec.europa.eu/eurostat/documents/1798247/12177560/Classification%2Bof%2Benvironmental%2Bpurposes%2B%28CEP%29.pdf/7283e770-d10a-dd9a-b491-59661d2c9c42,CEP cross-sector environmental purposes,CEP_CODE_LABEL,030101 Prevention of wastewater pollution
Management of sewerage networks,management of sewerage networks,cep_eurostat,https://ec.europa.eu/eurostat/documents/1798247/12177560/Classification%2Bof%2Benvironmental%2Bpurposes%2B%28CEP%29.pdf/7283e770-d10a-dd9a-b491-59661d2c9c42,CEP cross-sector environmental purposes,CEP_CODE_LABEL,030102 Management of sewerage networks
Treatment of wastewater,treatment of wastewater,cep_eurostat,https://ec.europa.eu/eurostat/documents/1798247/12177560/Classification%2Bof%2Benvironmental%2Bpurposes%2B%28CEP%29.pdf/7283e770-d10a-dd9a-b491-59661d2c9c42,CEP cross-sector environmental purposes,CEP_CODE_LABEL,030103 Treatment of wastewater
Treatment of cooling water,treatment of cooling water,cep_eurostat,https://ec.europa.eu/eurostat/documents/1798247/12177560/Classification%2Bof%2Benvironmental%2Bpurposes%2B%28CEP%29.pdf/7283e770-d10a-dd9a-b491-59661d2c9c42,CEP cross-sector environmental purposes,CEP_CODE_LABEL,030104 Treatment of cooling water
Monitoring and measurement for wastewater management,monitoring and measurement for wastewater management,cep_eurostat,https://ec.europa.eu/eurostat/documents/1798247/12177560/Classification%2Bof%2Benvironmental%2Bpurposes%2B%28CEP%29.pdf/7283e770-d10a-dd9a-b491-59661d2c9c42,CEP cross-sector environmental purposes,CEP_CODE_LABEL,030105 Monitoring and measurement for wastewater management
Others for wastewater treatment n.e.c.,others for wastewater treatment n e c,cep_eurostat,https://ec.europa.eu/eurostat/documents/1798247/12177560/Classification%2Bof%2Benvironmental%2Bpurposes%2B%28CEP%29.pdf/7283e770-d10a-dd9a-b491-59661d2c9c42,CEP cross-sector environmental purposes,CEP_CODE_LABEL,030199 Others for wastewater treatment n.e.c.
Water savings and management of natural water,water savings and management of natural water,cep_eurostat,https://ec.europa.eu/eurostat/documents/1798247/12177560/Classification%2Bof%2Benvironmental%2Bpurposes%2B%28CEP%29.pdf/7283e770-d10a-dd9a-b491-59661d2c9c42,CEP cross-sector environmental purposes,CEP_CODE_LABEL,0302 Water savings and management of natural water
Reduction of water intake,reduction of water intake,cep_eurostat,https://ec.europa.eu/eurostat/documents/1798247/12177560/Classification%2Bof%2Benvironmental%2Bpurposes%2B%28CEP%29.pdf/7283e770-d10a-dd9a-b491-59661d2c9c42,CEP cross-sector environmental purposes,CEP_CODE_LABEL,030201 Reduction of water intake
"Water reuse and savings, reduction of water losses and leaks",water reuse and savings reduction of water losses and leaks,cep_eurostat,https://ec.europa.eu/eurostat/documents/1798247/12177560/Classification%2Bof%2Benvironmental%2Bpurposes%2B%28CEP%29.pdf/7283e770-d10a-dd9a-b491-59661d2c9c42,CEP cross-sector environmental purposes,CEP_CODE_LABEL,"030202 Water reuse and savings, reduction of water losses and leaks"
Replenishment of natural water resources,replenishment of natural water resources,cep_eurostat,https://ec.europa.eu/eurostat/documents/1798247/12177560/Classification%2Bof%2Benvironmental%2Bpurposes%2B%28CEP%29.pdf/7283e770-d10a-dd9a-b491-59661d2c9c42,CEP cross-sector environmental purposes,CEP_CODE_LABEL,030203 Replenishment of natural water resources
Monitorin g and measurement of water savings and water,monitorin g and measurement of water savings and water,cep_eurostat,https://ec.europa.eu/eurostat/documents/1798247/12177560/Classification%2Bof%2Benvironmental%2Bpurposes%2B%28CEP%29.pdf/7283e770-d10a-dd9a-b491-59661d2c9c42,CEP cross-sector environmental purposes,CEP_CODE_LABEL,030204 Monitorin g and measurement of water savings and water
Others for water savings and management of natural water,others for water savings and management of natural water,cep_eurostat,https://ec.europa.eu/eurostat/documents/1798247/12177560/Classification%2Bof%2Benvironmental%2Bpurposes%2B%28CEP%29.pdf/7283e770-d10a-dd9a-b491-59661d2c9c42,CEP cross-sector environmental purposes,CEP_CODE_LABEL,030299 Others for water savings and management of natural water
Waste management,waste management,cep_eurostat,https://ec.europa.eu/eurostat/documents/1798247/12177560/Classification%2Bof%2Benvironmental%2Bpurposes%2B%28CEP%29.pdf/7283e770-d10a-dd9a-b491-59661d2c9c42,CEP cross-sector environmental purposes,CEP_CODE_LABEL,0401 Waste management
Prevention of solid waste pollution,prevention of solid waste pollution,cep_eurostat,https://ec.europa.eu/eurostat/documents/1798247/12177560/Classification%2Bof%2Benvironmental%2Bpurposes%2B%28CEP%29.pdf/7283e770-d10a-dd9a-b491-59661d2c9c42,CEP cross-sector environmental purposes,CEP_CODE_LABEL,040101 Prevention of solid waste pollution
Collection and transport of waste,collection and transport of waste,cep_eurostat,https://ec.europa.eu/eurostat/documents/1798247/12177560/Classification%2Bof%2Benvironmental%2Bpurposes%2B%28CEP%29.pdf/7283e770-d10a-dd9a-b491-59661d2c9c42,CEP cross-sector environmental purposes,CEP_CODE_LABEL,040102 Collection and transport of waste
Treatment and disposal of hazardous waste,treatment and disposal of hazardous waste,cep_eurostat,https://ec.europa.eu/eurostat/documents/1798247/12177560/Classification%2Bof%2Benvironmental%2Bpurposes%2B%28CEP%29.pdf/7283e770-d10a-dd9a-b491-59661d2c9c42,CEP cross-sector environmental purposes,CEP_CODE_LABEL,040103 Treatment and disposal of hazardous waste
Treatment and disposal of non-hazardous waste,treatment and disposal of non hazardous waste,cep_eurostat,https://ec.europa.eu/eurostat/documents/1798247/12177560/Classification%2Bof%2Benvironmental%2Bpurposes%2B%28CEP%29.pdf/7283e770-d10a-dd9a-b491-59661d2c9c42,CEP cross-sector environmental purposes,CEP_CODE_LABEL,040104 Treatment and disposal of non-hazardous waste
Monitoring and measurement for waste management,monitoring and measurement for waste management,cep_eurostat,https://ec.europa.eu/eurostat/documents/1798247/12177560/Classification%2Bof%2Benvironmental%2Bpurposes%2B%28CEP%29.pdf/7283e770-d10a-dd9a-b491-59661d2c9c42,CEP cross-sector environmental purposes,CEP_CODE_LABEL,040105 Monitoring and measurement for waste management
Others for waste management n.e.c.,others for waste management n e c,cep_eurostat,https://ec.europa.eu/eurostat/documents/1798247/12177560/Classification%2Bof%2Benvironmental%2Bpurposes%2B%28CEP%29.pdf/7283e770-d10a-dd9a-b491-59661d2c9c42,CEP cross-sector environmental purposes,CEP_CODE_LABEL,040199 Others for waste management n.e.c.
Materials recovery and savings,materials recovery and savings,cep_eurostat,https://ec.europa.eu/eurostat/documents/1798247/12177560/Classification%2Bof%2Benvironmental%2Bpurposes%2B%28CEP%29.pdf/7283e770-d10a-dd9a-b491-59661d2c9c42,CEP cross-sector environmental purposes,CEP_CODE_LABEL,0402 Materials recovery and savings
Reduction of the intake of wood,reduction of the intake of wood,cep_eurostat,https://ec.europa.eu/eurostat/documents/1798247/12177560/Classification%2Bof%2Benvironmental%2Bpurposes%2B%28CEP%29.pdf/7283e770-d10a-dd9a-b491-59661d2c9c42,CEP cross-sector environmental purposes,CEP_CODE_LABEL,040201 Reduction of the intake of wood
Reduction of the intake of mineral,reduction of the intake of mineral,cep_eurostat,https://ec.europa.eu/eurostat/documents/1798247/12177560/Classification%2Bof%2Benvironmental%2Bpurposes%2B%28CEP%29.pdf/7283e770-d10a-dd9a-b491-59661d2c9c42,CEP cross-sector environmental purposes,CEP_CODE_LABEL,040202 Reduction of the intake of mineral
Reduction of the intake of fossil fuels for non-energy use,reduction of the intake of fossil fuels for non energy use,cep_eurostat,https://ec.europa.eu/eurostat/documents/1798247/12177560/Classification%2Bof%2Benvironmental%2Bpurposes%2B%28CEP%29.pdf/7283e770-d10a-dd9a-b491-59661d2c9c42,CEP cross-sector environmental purposes,CEP_CODE_LABEL,040203 Reduction of the intake of fossil fuels for non-energy use
Reduction of the intake of natural resource for textiles,reduction of the intake of natural resource for textiles,cep_eurostat,https://ec.europa.eu/eurostat/documents/1798247/12177560/Classification%2Bof%2Benvironmental%2Bpurposes%2B%28CEP%29.pdf/7283e770-d10a-dd9a-b491-59661d2c9c42,CEP cross-sector environmental purposes,CEP_CODE_LABEL,040204 Reduction of the intake of natural resource for textiles
Reduction of the intake of other materials,reduction of the intake of other materials,cep_eurostat,https://ec.europa.eu/eurostat/documents/1798247/12177560/Classification%2Bof%2Benvironmental%2Bpurposes%2B%28CEP%29.pdf/7283e770-d10a-dd9a-b491-59661d2c9c42,CEP cross-sector environmental purposes,CEP_CODE_LABEL,040205 Reduction of the intake of other materials
Monitoring and mea surement of materials recovery and,monitoring and mea surement of materials recovery and,cep_eurostat,https://ec.europa.eu/eurostat/documents/1798247/12177560/Classification%2Bof%2Benvironmental%2Bpurposes%2B%28CEP%29.pdf/7283e770-d10a-dd9a-b491-59661d2c9c42,CEP cross-sector environmental purposes,CEP_CODE_LABEL,040206 Monitoring and mea surement of materials recovery and
Others for materials recovery and savings n.e.c.,others for materials recovery and savings n e c,cep_eurostat,https://ec.europa.eu/eurostat/documents/1798247/12177560/Classification%2Bof%2Benvironmental%2Bpurposes%2B%28CEP%29.pdf/7283e770-d10a-dd9a-b491-59661d2c9c42,CEP cross-sector environmental purposes,CEP_CODE_LABEL,040299 Others for materials recovery and savings n.e.c.
"Soil, surface and groundwater, biodiversity and",soil surface and groundwater biodiversity and,cep_eurostat,https://ec.europa.eu/eurostat/documents/1798247/12177560/Classification%2Bof%2Benvironmental%2Bpurposes%2B%28CEP%29.pdf/7283e770-d10a-dd9a-b491-59661d2c9c42,CEP cross-sector environmental purposes,CEP_CODE_LABEL,"05 Soil, surface and groundwater, biodiversity and"
"Protection of soil, surface and groundwater",protection of soil surface and groundwater,cep_eurostat,https://ec.europa.eu/eurostat/documents/1798247/12177560/Classification%2Bof%2Benvironmental%2Bpurposes%2B%28CEP%29.pdf/7283e770-d10a-dd9a-b491-59661d2c9c42,CEP cross-sector environmental purposes,CEP_CODE_LABEL,"0501 Protection of soil, surface and groundwater"
Prevention of pollutant infiltration into soil and water bodies,prevention of pollutant infiltration into soil and water bodies,cep_eurostat,https://ec.europa.eu/eurostat/documents/1798247/12177560/Classification%2Bof%2Benvironmental%2Bpurposes%2B%28CEP%29.pdf/7283e770-d10a-dd9a-b491-59661d2c9c42,CEP cross-sector environmental purposes,CEP_CODE_LABEL,050101 Prevention of pollutant infiltration into soil and water bodies
Cleaning up of soil and water bodies,cleaning up of soil and water bodies,cep_eurostat,https://ec.europa.eu/eurostat/documents/1798247/12177560/Classification%2Bof%2Benvironmental%2Bpurposes%2B%28CEP%29.pdf/7283e770-d10a-dd9a-b491-59661d2c9c42,CEP cross-sector environmental purposes,CEP_CODE_LABEL,050102 Cleaning up of soil and water bodies
Protection from erosion and other physical degradation of soil,protection from erosion and other physical degradation of soil,cep_eurostat,https://ec.europa.eu/eurostat/documents/1798247/12177560/Classification%2Bof%2Benvironmental%2Bpurposes%2B%28CEP%29.pdf/7283e770-d10a-dd9a-b491-59661d2c9c42,CEP cross-sector environmental purposes,CEP_CODE_LABEL,050103 Protection from erosion and other physical degradation of soil
Prevention and remediation of soil and groundwater salinity,prevention and remediation of soil and groundwater salinity,cep_eurostat,https://ec.europa.eu/eurostat/documents/1798247/12177560/Classification%2Bof%2Benvironmental%2Bpurposes%2B%28CEP%29.pdf/7283e770-d10a-dd9a-b491-59661d2c9c42,CEP cross-sector environmental purposes,CEP_CODE_LABEL,050104 Prevention and remediation of soil and groundwater salinity
"Monitoring and measurement for soil, surface and",monitoring and measurement for soil surface and,cep_eurostat,https://ec.europa.eu/eurostat/documents/1798247/12177560/Classification%2Bof%2Benvironmental%2Bpurposes%2B%28CEP%29.pdf/7283e770-d10a-dd9a-b491-59661d2c9c42,CEP cross-sector environmental purposes,CEP_CODE_LABEL,"050105 Monitoring and measurement for soil, surface and"
"Others for soil, surface and groundwater n.e.c.",others for soil surface and groundwater n e c,cep_eurostat,https://ec.europa.eu/eurostat/documents/1798247/12177560/Classification%2Bof%2Benvironmental%2Bpurposes%2B%28CEP%29.pdf/7283e770-d10a-dd9a-b491-59661d2c9c42,CEP cross-sector environmental purposes,CEP_CODE_LABEL,"050199 Others for soil, surface and groundwater n.e.c."
Protection of biodiversity and landscape,protection of biodiversity and landscape,cep_eurostat,https://ec.europa.eu/eurostat/documents/1798247/12177560/Classification%2Bof%2Benvironmental%2Bpurposes%2B%28CEP%29.pdf/7283e770-d10a-dd9a-b491-59661d2c9c42,CEP cross-sector environmental purposes,CEP_CODE_LABEL,0502 Protection of biodiversity and landscape
Protection and rehabilitation of species and habitats,protection and rehabilitation of species and habitats,cep_eurostat,https://ec.europa.eu/eurostat/documents/1798247/12177560/Classification%2Bof%2Benvironmental%2Bpurposes%2B%28CEP%29.pdf/7283e770-d10a-dd9a-b491-59661d2c9c42,CEP cross-sector environmental purposes,CEP_CODE_LABEL,050201 Protection and rehabilitation of species and habitats
Protection of natural and semi-natural landscapes,protection of natural and semi natural landscapes,cep_eurostat,https://ec.europa.eu/eurostat/documents/1798247/12177560/Classification%2Bof%2Benvironmental%2Bpurposes%2B%28CEP%29.pdf/7283e770-d10a-dd9a-b491-59661d2c9c42,CEP cross-sector environmental purposes,CEP_CODE_LABEL,050202 Protection of natural and semi-natural landscapes
Monitoring and measurement for biodiversity and landscape,monitoring and measurement for biodiversity and landscape,cep_eurostat,https://ec.europa.eu/eurostat/documents/1798247/12177560/Classification%2Bof%2Benvironmental%2Bpurposes%2B%28CEP%29.pdf/7283e770-d10a-dd9a-b491-59661d2c9c42,CEP cross-sector environmental purposes,CEP_CODE_LABEL,050203 Monitoring and measurement for biodiversity and landscape
Others for protection of biodiversity and landscape n.e.c.,others for protection of biodiversity and landscape n e c,cep_eurostat,https://ec.europa.eu/eurostat/documents/1798247/12177560/Classification%2Bof%2Benvironmental%2Bpurposes%2B%28CEP%29.pdf/7283e770-d10a-dd9a-b491-59661d2c9c42,CEP cross-sector environmental purposes,CEP_CODE_LABEL,050299 Others for protection of biodiversity and landscape n.e.c.
Management of forest resources,management of forest resources,cep_eurostat,https://ec.europa.eu/eurostat/documents/1798247/12177560/Classification%2Bof%2Benvironmental%2Bpurposes%2B%28CEP%29.pdf/7283e770-d10a-dd9a-b491-59661d2c9c42,CEP cross-sector environmental purposes,CEP_CODE_LABEL,0503 Management of forest resources
"Reforestation, afforestation and forest -related land",reforestation afforestation and forest related land,cep_eurostat,https://ec.europa.eu/eurostat/documents/1798247/12177560/Classification%2Bof%2Benvironmental%2Bpurposes%2B%28CEP%29.pdf/7283e770-d10a-dd9a-b491-59661d2c9c42,CEP cross-sector environmental purposes,CEP_CODE_LABEL,"050301 Reforestation, afforestation and forest -related land"
Protection against forest fires,protection against forest fires,cep_eurostat,https://ec.europa.eu/eurostat/documents/1798247/12177560/Classification%2Bof%2Benvironmental%2Bpurposes%2B%28CEP%29.pdf/7283e770-d10a-dd9a-b491-59661d2c9c42,CEP cross-sector environmental purposes,CEP_CODE_LABEL,050302 Protection against forest fires
Monitoring and measurement of forest resources,monitoring and measurement of forest resources,cep_eurostat,https://ec.europa.eu/eurostat/documents/1798247/12177560/Classification%2Bof%2Benvironmental%2Bpurposes%2B%28CEP%29.pdf/7283e770-d10a-dd9a-b491-59661d2c9c42,CEP cross-sector environmental purposes,CEP_CODE_LABEL,050303 Monitoring and measurement of forest resources
Others for management of forest resources n.e.c.,others for management of forest resources n e c,cep_eurostat,https://ec.europa.eu/eurostat/documents/1798247/12177560/Classification%2Bof%2Benvironmental%2Bpurposes%2B%28CEP%29.pdf/7283e770-d10a-dd9a-b491-59661d2c9c42,CEP cross-sector environmental purposes,CEP_CODE_LABEL,050399 Others for management of forest resources n.e.c.
Protection against noise and vibration,protection against noise and vibration,cep_eurostat,https://ec.europa.eu/eurostat/documents/1798247/12177560/Classification%2Bof%2Benvironmental%2Bpurposes%2B%28CEP%29.pdf/7283e770-d10a-dd9a-b491-59661d2c9c42,CEP cross-sector environmental purposes,CEP_CODE_LABEL,0601 Protection against noise and vibration
Prevention and reduction of noise and vibration,prevention and reduction of noise and vibration,cep_eurostat,https://ec.europa.eu/eurostat/documents/1798247/12177560/Classification%2Bof%2Benvironmental%2Bpurposes%2B%28CEP%29.pdf/7283e770-d10a-dd9a-b491-59661d2c9c42,CEP cross-sector environmental purposes,CEP_CODE_LABEL,060101 Prevention and reduction of noise and vibration
Monitoring and measurement for protection against noise and,monitoring and measurement for protection against noise and,cep_eurostat,https://ec.europa.eu/eurostat/documents/1798247/12177560/Classification%2Bof%2Benvironmental%2Bpurposes%2B%28CEP%29.pdf/7283e770-d10a-dd9a-b491-59661d2c9c42,CEP cross-sector environmental purposes,CEP_CODE_LABEL,060102 Monitoring and measurement for protection against noise and
Others for protection against noise and vibration n.e.c.,others for protection against noise and vibration n e c,cep_eurostat,https://ec.europa.eu/eurostat/documents/1798247/12177560/Classification%2Bof%2Benvironmental%2Bpurposes%2B%28CEP%29.pdf/7283e770-d10a-dd9a-b491-59661d2c9c42,CEP cross-sector environmental purposes,CEP_CODE_LABEL,060199 Others for protection against noise and vibration n.e.c.
Protection against radiation,protection against radiation,cep_eurostat,https://ec.europa.eu/eurostat/documents/1798247/12177560/Classification%2Bof%2Benvironmental%2Bpurposes%2B%28CEP%29.pdf/7283e770-d10a-dd9a-b491-59661d2c9c42,CEP cross-sector environmental purposes,CEP_CODE_LABEL,0602 Protection against radiation
Protection of ambient media against radiation,protection of ambient media against radiation,cep_eurostat,https://ec.europa.eu/eurostat/documents/1798247/12177560/Classification%2Bof%2Benvironmental%2Bpurposes%2B%28CEP%29.pdf/7283e770-d10a-dd9a-b491-59661d2c9c42,CEP cross-sector environmental purposes,CEP_CODE_LABEL,060201 Protection of ambient media against radiation
Transport and treatment of high level radioactive waste,transport and treatment of high level radioactive waste,cep_eurostat,https://ec.europa.eu/eurostat/documents/1798247/12177560/Classification%2Bof%2Benvironmental%2Bpurposes%2B%28CEP%29.pdf/7283e770-d10a-dd9a-b491-59661d2c9c42,CEP cross-sector environmental purposes,CEP_CODE_LABEL,060202 Transport and treatment of high level radioactive waste
Monitoring and measurement of radioactivity,monitoring and measurement of radioactivity,cep_eurostat,https://ec.europa.eu/eurostat/documents/1798247/12177560/Classification%2Bof%2Benvironmental%2Bpurposes%2B%28CEP%29.pdf/7283e770-d10a-dd9a-b491-59661d2c9c42,CEP cross-sector environmental purposes,CEP_CODE_LABEL,060203 Monitoring and measurement of radioactivity
Others for protection against radiation n.e.c.,others for protection against radiation n e c,cep_eurostat,https://ec.europa.eu/eurostat/documents/1798247/12177560/Classification%2Bof%2Benvironmental%2Bpurposes%2B%28CEP%29.pdf/7283e770-d10a-dd9a-b491-59661d2c9c42,CEP cross-sector environmental purposes,CEP_CODE_LABEL,060299 Others for protection against radiation n.e.c.
NABS (Nomenclature for the Analysis and Comparison of Scientiﬁc Programmes,nabs nomenclature for the analysis and comparison of scientific programmes,cep_eurostat,https://ec.europa.eu/eurostat/documents/1798247/12177560/Classification%2Bof%2Benvironmental%2Bpurposes%2B%28CEP%29.pdf/7283e770-d10a-dd9a-b491-59661d2c9c42,CEP cross-sector environmental purposes,CEP_CODE_LABEL,2007 NABS (Nomenclature for the Analysis and Comparison of Scientiﬁc Programmes
R&D for reduction and control of air emissions,r d for reduction and control of air emissions,cep_eurostat,https://ec.europa.eu/eurostat/documents/1798247/12177560/Classification%2Bof%2Benvironmental%2Bpurposes%2B%28CEP%29.pdf/7283e770-d10a-dd9a-b491-59661d2c9c42,CEP cross-sector environmental purposes,CEP_CODE_LABEL,0701 R&D for reduction and control of air emissions
R&D for reduction and control of greenhouse gases,r d for reduction and control of greenhouse gases,cep_eurostat,https://ec.europa.eu/eurostat/documents/1798247/12177560/Classification%2Bof%2Benvironmental%2Bpurposes%2B%28CEP%29.pdf/7283e770-d10a-dd9a-b491-59661d2c9c42,CEP cross-sector environmental purposes,CEP_CODE_LABEL,070101 R&D for reduction and control of greenhouse gases
R&D for reduction and control of other air pollutants,r d for reduction and control of other air pollutants,cep_eurostat,https://ec.europa.eu/eurostat/documents/1798247/12177560/Classification%2Bof%2Benvironmental%2Bpurposes%2B%28CEP%29.pdf/7283e770-d10a-dd9a-b491-59661d2c9c42,CEP cross-sector environmental purposes,CEP_CODE_LABEL,070102 R&D for reduction and control of other air pollutants
R&D for energy,r d for energy,cep_eurostat,https://ec.europa.eu/eurostat/documents/1798247/12177560/Classification%2Bof%2Benvironmental%2Bpurposes%2B%28CEP%29.pdf/7283e770-d10a-dd9a-b491-59661d2c9c42,CEP cross-sector environmental purposes,CEP_CODE_LABEL,0702 R&D for energy
R&D for renewables,r d for renewables,cep_eurostat,https://ec.europa.eu/eurostat/documents/1798247/12177560/Classification%2Bof%2Benvironmental%2Bpurposes%2B%28CEP%29.pdf/7283e770-d10a-dd9a-b491-59661d2c9c42,CEP cross-sector environmental purposes,CEP_CODE_LABEL,070201 R&D for renewables
R&D for energy savings,r d for energy savings,cep_eurostat,https://ec.europa.eu/eurostat/documents/1798247/12177560/Classification%2Bof%2Benvironmental%2Bpurposes%2B%28CEP%29.pdf/7283e770-d10a-dd9a-b491-59661d2c9c42,CEP cross-sector environmental purposes,CEP_CODE_LABEL,070202 R&D for energy savings
R&D for wastewater management,r d for wastewater management,cep_eurostat,https://ec.europa.eu/eurostat/documents/1798247/12177560/Classification%2Bof%2Benvironmental%2Bpurposes%2B%28CEP%29.pdf/7283e770-d10a-dd9a-b491-59661d2c9c42,CEP cross-sector environmental purposes,CEP_CODE_LABEL,0703 R&D for wastewater management
R&D for water resources,r d for water resources,cep_eurostat,https://ec.europa.eu/eurostat/documents/1798247/12177560/Classification%2Bof%2Benvironmental%2Bpurposes%2B%28CEP%29.pdf/7283e770-d10a-dd9a-b491-59661d2c9c42,CEP cross-sector environmental purposes,CEP_CODE_LABEL,0704 R&D for water resources
R&D for waste management,r d for waste management,cep_eurostat,https://ec.europa.eu/eurostat/documents/1798247/12177560/Classification%2Bof%2Benvironmental%2Bpurposes%2B%28CEP%29.pdf/7283e770-d10a-dd9a-b491-59661d2c9c42,CEP cross-sector environmental purposes,CEP_CODE_LABEL,0705 R&D for waste management
R&D for materials recovery and savings,r d for materials recovery and savings,cep_eurostat,https://ec.europa.eu/eurostat/documents/1798247/12177560/Classification%2Bof%2Benvironmental%2Bpurposes%2B%28CEP%29.pdf/7283e770-d10a-dd9a-b491-59661d2c9c42,CEP cross-sector environmental purposes,CEP_CODE_LABEL,0706 R&D for materials recovery and savings
"R&D for soil, surface, groundwater and biodiversity",r d for soil surface groundwater and biodiversity,cep_eurostat,https://ec.europa.eu/eurostat/documents/1798247/12177560/Classification%2Bof%2Benvironmental%2Bpurposes%2B%28CEP%29.pdf/7283e770-d10a-dd9a-b491-59661d2c9c42,CEP cross-sector environmental purposes,CEP_CODE_LABEL,"0707 R&D for soil, surface, groundwater and biodiversity"
"R&D for soil, surface and groundwater",r d for soil surface and groundwater,cep_eurostat,https://ec.europa.eu/eurostat/documents/1798247/12177560/Classification%2Bof%2Benvironmental%2Bpurposes%2B%28CEP%29.pdf/7283e770-d10a-dd9a-b491-59661d2c9c42,CEP cross-sector environmental purposes,CEP_CODE_LABEL,"070701 R&D for soil, surface and groundwater"
R&D for biodiversity,r d for biodiversity,cep_eurostat,https://ec.europa.eu/eurostat/documents/1798247/12177560/Classification%2Bof%2Benvironmental%2Bpurposes%2B%28CEP%29.pdf/7283e770-d10a-dd9a-b491-59661d2c9c42,CEP cross-sector environmental purposes,CEP_CODE_LABEL,070702 R&D for biodiversity
R&D for forest management,r d for forest management,cep_eurostat,https://ec.europa.eu/eurostat/documents/1798247/12177560/Classification%2Bof%2Benvironmental%2Bpurposes%2B%28CEP%29.pdf/7283e770-d10a-dd9a-b491-59661d2c9c42,CEP cross-sector environmental purposes,CEP_CODE_LABEL,0708 R&D for forest management
R&D for noise and radiation,r d for noise and radiation,cep_eurostat,https://ec.europa.eu/eurostat/documents/1798247/12177560/Classification%2Bof%2Benvironmental%2Bpurposes%2B%28CEP%29.pdf/7283e770-d10a-dd9a-b491-59661d2c9c42,CEP cross-sector environmental purposes,CEP_CODE_LABEL,0709 R&D for noise and radiation
R&D for noise and vibration,r d for noise and vibration,cep_eurostat,https://ec.europa.eu/eurostat/documents/1798247/12177560/Classification%2Bof%2Benvironmental%2Bpurposes%2B%28CEP%29.pdf/7283e770-d10a-dd9a-b491-59661d2c9c42,CEP cross-sector environmental purposes,CEP_CODE_LABEL,070901 R&D for noise and vibration
R&D for radiation,r d for radiation,cep_eurostat,https://ec.europa.eu/eurostat/documents/1798247/12177560/Classification%2Bof%2Benvironmental%2Bpurposes%2B%28CEP%29.pdf/7283e770-d10a-dd9a-b491-59661d2c9c42,CEP cross-sector environmental purposes,CEP_CODE_LABEL,070902 R&D for radiation
Cross-cutting and other environmental,cross cutting and other environmental,cep_eurostat,https://ec.europa.eu/eurostat/documents/1798247/12177560/Classification%2Bof%2Benvironmental%2Bpurposes%2B%28CEP%29.pdf/7283e770-d10a-dd9a-b491-59661d2c9c42,CEP cross-sector environmental purposes,CEP_CODE_LABEL,08 Cross-cutting and other environmental
Environmental education and training,environmental education and training,cep_eurostat,https://ec.europa.eu/eurostat/documents/1798247/12177560/Classification%2Bof%2Benvironmental%2Bpurposes%2B%28CEP%29.pdf/7283e770-d10a-dd9a-b491-59661d2c9c42,CEP cross-sector environmental purposes,CEP_CODE_LABEL,0801 Environmental education and training
"General environmental administration, management,",general environmental administration management,cep_eurostat,https://ec.europa.eu/eurostat/documents/1798247/12177560/Classification%2Bof%2Benvironmental%2Bpurposes%2B%28CEP%29.pdf/7283e770-d10a-dd9a-b491-59661d2c9c42,CEP cross-sector environmental purposes,CEP_CODE_LABEL,"0802 General environmental administration, management,"
Other environmental purposes,other environmental purposes,cep_eurostat,https://ec.europa.eu/eurostat/documents/1798247/12177560/Classification%2Bof%2Benvironmental%2Bpurposes%2B%28CEP%29.pdf/7283e770-d10a-dd9a-b491-59661d2c9c42,CEP cross-sector environmental purposes,CEP_CODE_LABEL,0803 Other environmental purposes
Besides the activities with a primary environmental,besides the activities with a primary environmental,cep_eurostat,https://ec.europa.eu/eurostat/documents/1798247/12177560/Classification%2Bof%2Benvironmental%2Bpurposes%2B%28CEP%29.pdf/7283e770-d10a-dd9a-b491-59661d2c9c42,CEP cross-sector environmental purposes,ANNEX_ACTIVITY,4.13 Besides the activities with a primary environmental
renewable energy,renewable energy,cep_eurostat,https://ec.europa.eu/eurostat/documents/1798247/12177560/Classification%2Bof%2Benvironmental%2Bpurposes%2B%28CEP%29.pdf/7283e770-d10a-dd9a-b491-59661d2c9c42,CEP cross-sector environmental purposes,CONCEPT_HEADING,renewable energy
Water reuse,water reuse,cep_eurostat,https://ec.europa.eu/eurostat/documents/1798247/12177560/Classification%2Bof%2Benvironmental%2Bpurposes%2B%28CEP%29.pdf/7283e770-d10a-dd9a-b491-59661d2c9c42,CEP cross-sector environmental purposes,CONCEPT_HEADING,Water reuse
biodiversity,biodiversity,cep_eurostat,https://ec.europa.eu/eurostat/documents/1798247/12177560/Classification%2Bof%2Benvironmental%2Bpurposes%2B%28CEP%29.pdf/7283e770-d10a-dd9a-b491-59661d2c9c42,CEP cross-sector environmental purposes,CONCEPT_HEADING,biodiversity
ecosystem,ecosystem,cep_eurostat,https://ec.europa.eu/eurostat/documents/1798247/12177560/Classification%2Bof%2Benvironmental%2Bpurposes%2B%28CEP%29.pdf/7283e770-d10a-dd9a-b491-59661d2c9c42,CEP cross-sector environmental purposes,CONCEPT_HEADING,ecosystem
ecosystems,ecosystems,cep_eurostat,https://ec.europa.eu/eurostat/documents/1798247/12177560/Classification%2Bof%2Benvironmental%2Bpurposes%2B%28CEP%29.pdf/7283e770-d10a-dd9a-b491-59661d2c9c42,CEP cross-sector environmental purposes,CONCEPT_HEADING,ecosystems
climate change mitigation,climate change mitigation,cep_eurostat,https://ec.europa.eu/eurostat/documents/1798247/12177560/Classification%2Bof%2Benvironmental%2Bpurposes%2B%28CEP%29.pdf/7283e770-d10a-dd9a-b491-59661d2c9c42,CEP cross-sector environmental purposes,CONCEPT_HEADING,climate change mitigation
circular economy,circular economy,cep_eurostat,https://ec.europa.eu/eurostat/documents/1798247/12177560/Classification%2Bof%2Benvironmental%2Bpurposes%2B%28CEP%29.pdf/7283e770-d10a-dd9a-b491-59661d2c9c42,CEP cross-sector environmental purposes,CONCEPT_HEADING,circular economy
climate change adaptation,climate change adaptation,cep_eurostat,https://ec.europa.eu/eurostat/documents/1798247/12177560/Classification%2Bof%2Benvironmental%2Bpurposes%2B%28CEP%29.pdf/7283e770-d10a-dd9a-b491-59661d2c9c42,CEP cross-sector environmental purposes,CONCEPT_HEADING,climate change adaptation
carbon capture,carbon capture,cep_eurostat,https://ec.europa.eu/eurostat/documents/1798247/12177560/Classification%2Bof%2Benvironmental%2Bpurposes%2B%28CEP%29.pdf/7283e770-d10a-dd9a-b491-59661d2c9c42,CEP cross-sector environmental purposes,CONCEPT_HEADING,carbon capture
waste prevention,waste prevention,cep_eurostat,https://ec.europa.eu/eurostat/documents/1798247/12177560/Classification%2Bof%2Benvironmental%2Bpurposes%2B%28CEP%29.pdf/7283e770-d10a-dd9a-b491-59661d2c9c42,CEP cross-sector environmental purposes,CONCEPT_HEADING,waste prevention
carbon capture and storage (CCS) & carbon capture and use (CCU) related,carbon capture and storage ccs carbon capture and use ccu related,cep_eurostat,https://ec.europa.eu/eurostat/documents/1798247/12177560/Classification%2Bof%2Benvironmental%2Bpurposes%2B%28CEP%29.pdf/7283e770-d10a-dd9a-b491-59661d2c9c42,CEP cross-sector environmental purposes,TECH_LIST_ITEM,• carbon capture and storage (CCS) & carbon capture and use (CCU) related
Geothermal,geothermal,cep_eurostat,https://ec.europa.eu/eurostat/documents/1798247/12177560/Classification%2Bof%2Benvironmental%2Bpurposes%2B%28CEP%29.pdf/7283e770-d10a-dd9a-b491-59661d2c9c42,CEP cross-sector environmental purposes,TECH_LIST_ITEM,• Geothermal
"Hydropower, excluding pump storage stations (included under CEP 020201)",hydropower excluding pump storage stations included under cep 020201,cep_eurostat,https://ec.europa.eu/eurostat/documents/1798247/12177560/Classification%2Bof%2Benvironmental%2Bpurposes%2B%28CEP%29.pdf/7283e770-d10a-dd9a-b491-59661d2c9c42,CEP cross-sector environmental purposes,TECH_LIST_ITEM,"• Hydropower, excluding pump storage stations (included under CEP 020201)"
net-zero,net zero,nzia_2024_1735,https://eur-lex.europa.eu/eli/reg/2024/1735/oj/eng,1 Climate change mitigation (net-zero technologies),CONCEPT_HEADING,net-zero
ecosystem,ecosystem,nzia_2024_1735,https://eur-lex.europa.eu/eli/reg/2024/1735/oj/eng,1 Climate change mitigation (net-zero technologies),CONCEPT_HEADING,ecosystem
renewable energy,renewable energy,nzia_2024_1735,https://eur-lex.europa.eu/eli/reg/2024/1735/oj/eng,1 Climate change mitigation (net-zero technologies),CONCEPT_HEADING,renewable energy
circular economy,circular economy,nzia_2024_1735,https://eur-lex.europa.eu/eli/reg/2024/1735/oj/eng,1 Climate change mitigation (net-zero technologies),CONCEPT_HEADING,circular economy
pollution prevention and control,pollution prevention and control,nzia_2024_1735,https://eur-lex.europa.eu/eli/reg/2024/1735/oj/eng,1 Climate change mitigation (net-zero technologies),CONCEPT_HEADING,pollution prevention and control
biodiversity,biodiversity,nzia_2024_1735,https://eur-lex.europa.eu/eli/reg/2024/1735/oj/eng,1 Climate change mitigation (net-zero technologies),CONCEPT_HEADING,biodiversity
carbon capture,carbon capture,nzia_2024_1735,https://eur-lex.europa.eu/eli/reg/2024/1735/oj/eng,1 Climate change mitigation (net-zero technologies),CONCEPT_HEADING,carbon capture
ecodesign,ecodesign,nzia_2024_1735,https://eur-lex.europa.eu/eli/reg/2024/1735/oj/eng,1 Climate change mitigation (net-zero technologies),CONCEPT_HEADING,ecodesign
energy efficiency,energy efficiency,nzia_2024_1735,https://eur-lex.europa.eu/eli/reg/2024/1735/oj/eng,1 Climate change mitigation (net-zero technologies),CONCEPT_HEADING,energy efficiency
Restoring and protecting the water cycle,restoring and protecting the water cycle,water_resilience_com_2025_280,https://eur-lex.europa.eu/legal-content/EN/TXT/?uri=CELEX:52025DC0280,3 Water and marine resources,ANNEX_ACTIVITY,2.1 Restoring and protecting the water cycle
Building a water-smart economy that leaves no one behind,building a water smart economy that leaves no one behind,water_resilience_com_2025_280,https://eur-lex.europa.eu/legal-content/EN/TXT/?uri=CELEX:52025DC0280,3 Water and marine resources,ANNEX_ACTIVITY,2.2 Building a water-smart economy that leaves no one behind
Securing,securing,water_resilience_com_2025_280,https://eur-lex.europa.eu/legal-content/EN/TXT/?uri=CELEX:52025DC0280,3 Water and marine resources,ANNEX_ACTIVITY,2.3 Securing
"Finance, i",finance i,water_resilience_com_2025_280,https://eur-lex.europa.eu/legal-content/EN/TXT/?uri=CELEX:52025DC0280,3 Water and marine resources,ANNEX_ACTIVITY,"3.2 Finance, i"
Digitalisation,digitalisation,water_resilience_com_2025_280,https://eur-lex.europa.eu/legal-content/EN/TXT/?uri=CELEX:52025DC0280,3 Water and marine resources,ANNEX_ACTIVITY,3.3 Digitalisation
Research and,research and,water_resilience_com_2025_280,https://eur-lex.europa.eu/legal-content/EN/TXT/?uri=CELEX:52025DC0280,3 Water and marine resources,ANNEX_ACTIVITY,3.4 Research and
Security and preparedness to boost,security and preparedness to boost,water_resilience_com_2025_280,https://eur-lex.europa.eu/legal-content/EN/TXT/?uri=CELEX:52025DC0280,3 Water and marine resources,ANNEX_ACTIVITY,3.5 Security and preparedness to boost
Water Resilience,water resilience,water_resilience_com_2025_280,https://eur-lex.europa.eu/legal-content/EN/TXT/?uri=CELEX:52025DC0280,3 Water and marine resources,CONCEPT_HEADING,Water Resilience
water stress,water stress,water_resilience_com_2025_280,https://eur-lex.europa.eu/legal-content/EN/TXT/?uri=CELEX:52025DC0280,3 Water and marine resources,CONCEPT_HEADING,water stress
ecosystems,ecosystems,water_resilience_com_2025_280,https://eur-lex.europa.eu/legal-content/EN/TXT/?uri=CELEX:52025DC0280,3 Water and marine resources,CONCEPT_HEADING,ecosystems
biodiversity,biodiversity,water_resilience_com_2025_280,https://eur-lex.europa.eu/legal-content/EN/TXT/?uri=CELEX:52025DC0280,3 Water and marine resources,CONCEPT_HEADING,biodiversity
waste management,waste management,water_resilience_com_2025_280,https://eur-lex.europa.eu/legal-content/EN/TXT/?uri=CELEX:52025DC0280,3 Water and marine resources,CONCEPT_HEADING,waste management
Water efficiency,water efficiency,water_resilience_com_2025_280,https://eur-lex.europa.eu/legal-content/EN/TXT/?uri=CELEX:52025DC0280,3 Water and marine resources,CONCEPT_HEADING,Water efficiency
energy efficiency,energy efficiency,water_resilience_com_2025_280,https://eur-lex.europa.eu/legal-content/EN/TXT/?uri=CELEX:52025DC0280,3 Water and marine resources,CONCEPT_HEADING,energy efficiency
Water Reuse,water reuse,water_resilience_com_2025_280,https://eur-lex.europa.eu/legal-content/EN/TXT/?uri=CELEX:52025DC0280,3 Water and marine resources,CONCEPT_HEADING,Water Reuse
Ecodesign,ecodesign,water_resilience_com_2025_280,https://eur-lex.europa.eu/legal-content/EN/TXT/?uri=CELEX:52025DC0280,3 Water and marine resources,CONCEPT_HEADING,Ecodesign
ecosystem,ecosystem,water_resilience_com_2025_280,https://eur-lex.europa.eu/legal-content/EN/TXT/?uri=CELEX:52025DC0280,3 Water and marine resources,CONCEPT_HEADING,ecosystem
ecodesign,ecodesign,espr_2024_1781,https://eur-lex.europa.eu/eli/reg/2024/1781/oj/eng,4 Transition to a circular economy,CONCEPT_HEADING,ecodesign
circular economy,circular economy,espr_2024_1781,https://eur-lex.europa.eu/eli/reg/2024/1781/oj/eng,4 Transition to a circular economy,CONCEPT_HEADING,circular economy
transition to a circular economy,transition to a circular economy,espr_2024_1781,https://eur-lex.europa.eu/eli/reg/2024/1781/oj/eng,4 Transition to a circular economy,CONCEPT_HEADING,transition to a circular economy
biodiversity,biodiversity,espr_2024_1781,https://eur-lex.europa.eu/eli/reg/2024/1781/oj/eng,4 Transition to a circular economy,CONCEPT_HEADING,biodiversity
energy efficiency,energy efficiency,espr_2024_1781,https://eur-lex.europa.eu/eli/reg/2024/1781/oj/eng,4 Transition to a circular economy,CONCEPT_HEADING,energy efficiency
pollution prevention and control,pollution prevention and control,espr_2024_1781,https://eur-lex.europa.eu/eli/reg/2024/1781/oj/eng,4 Transition to a circular economy,CONCEPT_HEADING,pollution prevention and control
circular economy,circular economy,ppwr_2025_40,https://eur-lex.europa.eu/eli/reg/2025/40/oj/eng,4 Transition to a circular economy,CONCEPT_HEADING,circular economy
ecodesign,ecodesign,ppwr_2025_40,https://eur-lex.europa.eu/eli/reg/2025/40/oj/eng,4 Transition to a circular economy,CONCEPT_HEADING,ecodesign
waste management,waste management,ppwr_2025_40,https://eur-lex.europa.eu/eli/reg/2025/40/oj/eng,4 Transition to a circular economy,CONCEPT_HEADING,waste management
pollution prevention,pollution prevention,ppwr_2025_40,https://eur-lex.europa.eu/eli/reg/2025/40/oj/eng,4 Transition to a circular economy,CONCEPT_HEADING,pollution prevention
waste prevention,waste prevention,ppwr_2025_40,https://eur-lex.europa.eu/eli/reg/2025/40/oj/eng,4 Transition to a circular economy,CONCEPT_HEADING,waste prevention
renewable energy,renewable energy,ppwr_2025_40,https://eur-lex.europa.eu/eli/reg/2025/40/oj/eng,4 Transition to a circular economy,CONCEPT_HEADING,renewable energy
energy efficiency,energy efficiency,ppwr_2025_40,https://eur-lex.europa.eu/eli/reg/2025/40/oj/eng,4 Transition to a circular economy,CONCEPT_HEADING,energy efficiency
biodiversity,biodiversity,ppwr_2025_40,https://eur-lex.europa.eu/eli/reg/2025/40/oj/eng,4 Transition to a circular economy,CONCEPT_HEADING,biodiversity
transition to a circular economy,transition to a circular economy,ppwr_2025_40,https://eur-lex.europa.eu/eli/reg/2025/40/oj/eng,4 Transition to a circular economy,CONCEPT_HEADING,transition to a circular economy
pollution prevention and control,pollution prevention and control,ppwr_2025_40,https://eur-lex.europa.eu/eli/reg/2025/40/oj/eng,4 Transition to a circular economy,CONCEPT_HEADING,pollution prevention and control
ecodesign,ecodesign,crma_2024_1252,https://eur-lex.europa.eu/eli/reg/2024/1252/oj/eng,4 Transition to a circular economy (recovery/recycling),CONCEPT_HEADING,ecodesign
biodiversity,biodiversity,crma_2024_1252,https://eur-lex.europa.eu/eli/reg/2024/1252/oj/eng,4 Transition to a circular economy (recovery/recycling),CONCEPT_HEADING,biodiversity
pollution prevention and control,pollution prevention and control,crma_2024_1252,https://eur-lex.europa.eu/eli/reg/2024/1252/oj/eng,4 Transition to a circular economy (recovery/recycling),CONCEPT_HEADING,pollution prevention and control
circular economy,circular economy,crma_2024_1252,https://eur-lex.europa.eu/eli/reg/2024/1252/oj/eng,4 Transition to a circular economy (recovery/recycling),CONCEPT_HEADING,circular economy
renewable energy,renewable energy,crma_2024_1252,https://eur-lex.europa.eu/eli/reg/2024/1252/oj/eng,4 Transition to a circular economy (recovery/recycling),CONCEPT_HEADING,renewable energy
waste prevention,waste prevention,crma_2024_1252,https://eur-lex.europa.eu/eli/reg/2024/1252/oj/eng,4 Transition to a circular economy (recovery/recycling),CONCEPT_HEADING,waste prevention
waste management,waste management,crma_2024_1252,https://eur-lex.europa.eu/eli/reg/2024/1252/oj/eng,4 Transition to a circular economy (recovery/recycling),CONCEPT_HEADING,waste management
ecosystem,ecosystem,crma_2024_1252,https://eur-lex.europa.eu/eli/reg/2024/1252/oj/eng,4 Transition to a circular economy (recovery/recycling),CONCEPT_HEADING,ecosystem
circular economy,circular economy,right_to_repair_2024_1799,https://eur-lex.europa.eu/eli/dir/2024/1799/oj/eng,4 Transition to a circular economy,CONCEPT_HEADING,circular economy
ecodesign,ecodesign,right_to_repair_2024_1799,https://eur-lex.europa.eu/eli/dir/2024/1799/oj/eng,4 Transition to a circular economy,CONCEPT_HEADING,ecodesign
H 201,h 201,waste_framework_2008_98_20251016,https://eur-lex.europa.eu/eli/dir/2008/98/2025-10-16/eng,4 Transition to a circular economy,ANNEX_ACTIVITY,1.1 H 201
H 202,h 202,waste_framework_2008_98_20251016,https://eur-lex.europa.eu/eli/dir/2008/98/2025-10-16/eng,4 Transition to a circular economy,ANNEX_ACTIVITY,1.2 H 202
H 203,h 203,waste_framework_2008_98_20251016,https://eur-lex.europa.eu/eli/dir/2008/98/2025-10-16/eng,4 Transition to a circular economy,ANNEX_ACTIVITY,1.3 H 203
H 204,h 204,waste_framework_2008_98_20251016,https://eur-lex.europa.eu/eli/dir/2008/98/2025-10-16/eng,4 Transition to a circular economy,ANNEX_ACTIVITY,1.4 H 204
waste management,waste management,waste_framework_2008_98_20251016,https://eur-lex.europa.eu/eli/dir/2008/98/2025-10-16/eng,4 Transition to a circular economy,CONCEPT_HEADING,waste management
Waste hierarchy,waste hierarchy,waste_framework_2008_98_20251016,https://eur-lex.europa.eu/eli/dir/2008/98/2025-10-16/eng,4 Transition to a circular economy,CONCEPT_HEADING,Waste hierarchy
waste prevention,waste prevention,waste_framework_2008_98_20251016,https://eur-lex.europa.eu/eli/dir/2008/98/2025-10-16/eng,4 Transition to a circular economy,CONCEPT_HEADING,waste prevention
circular economy,circular economy,waste_framework_2008_98_20251016,https://eur-lex.europa.eu/eli/dir/2008/98/2025-10-16/eng,4 Transition to a circular economy,CONCEPT_HEADING,circular economy
ecodesign,ecodesign,waste_framework_2008_98_20251016,https://eur-lex.europa.eu/eli/dir/2008/98/2025-10-16/eng,4 Transition to a circular economy,CONCEPT_HEADING,ecodesign
remanufacturing,remanufacturing,waste_framework_2008_98_20251016,https://eur-lex.europa.eu/eli/dir/2008/98/2025-10-16/eng,4 Transition to a circular economy,CONCEPT_HEADING,remanufacturing
energy efficiency,energy efficiency,waste_framework_2008_98_20251016,https://eur-lex.europa.eu/eli/dir/2008/98/2025-10-16/eng,4 Transition to a circular economy,CONCEPT_HEADING,energy efficiency
biodiversity,biodiversity,air_quality_2024_2881,https://eur-lex.europa.eu/eli/dir/2024/2881/oj/eng,5 Pollution prevention and control,CONCEPT_HEADING,biodiversity
ecosystems,ecosystems,air_quality_2024_2881,https://eur-lex.europa.eu/eli/dir/2024/2881/oj/eng,5 Pollution prevention and control,CONCEPT_HEADING,ecosystems
ecosystem,ecosystem,air_quality_2024_2881,https://eur-lex.europa.eu/eli/dir/2024/2881/oj/eng,5 Pollution prevention and control,CONCEPT_HEADING,ecosystem
pollution prevention and control,pollution prevention and control,air_quality_2024_2881,https://eur-lex.europa.eu/eli/dir/2024/2881/oj/eng,5 Pollution prevention and control,CONCEPT_HEADING,pollution prevention and control
Costs referred to in Ar ticle 15(5) shall be the costs of comp lying with the emission levels associate d with best,costs referred to in ar ticle 15 5 shall be the costs of comp lying with the emission levels associate d with best,industrial_emissions_2024_1785,https://eur-lex.europa.eu/eli/dir/2024/1785/oj/eng,5 Pollution prevention and control,ANNEX_ACTIVITY,1.1 Costs referred to in Ar ticle 15(5) shall be the costs of comp lying with the emission levels associate d with best
"The evaluation of the costs shall be quantitative, and suppor te d b y a qualitative assessment",the evaluation of the costs shall be quantitative and suppor te d b y a qualitative assessment,industrial_emissions_2024_1785,https://eur-lex.europa.eu/eli/dir/2024/1785/oj/eng,5 Pollution prevention and control,ANNEX_ACTIVITY,"1.2 The evaluation of the costs shall be quantitative, and suppor te d b y a qualitative assessment"
Costs tak en into account in the evaluation shall:,costs tak en into account in the evaluation shall,industrial_emissions_2024_1785,https://eur-lex.europa.eu/eli/dir/2024/1785/oj/eng,5 Pollution prevention and control,ANNEX_ACTIVITY,1.3 Costs tak en into account in the evaluation shall:
"The application f or a derogat ion shall clearly identify the source of the costs and the methods used to calculate them,",the application f or a derogat ion shall clearly identify the source of the costs and the methods used to calculate them,industrial_emissions_2024_1785,https://eur-lex.europa.eu/eli/dir/2024/1785/oj/eng,5 Pollution prevention and control,ANNEX_ACTIVITY,"1.4 The application f or a derogat ion shall clearly identify the source of the costs and the methods used to calculate them,"
"Costs evaluated by the operat or shall be assessed by the compet ent author ity , based on inf or mation from other",costs evaluated by the operat or shall be assessed by the compet ent author ity based on inf or mation from other,industrial_emissions_2024_1785,https://eur-lex.europa.eu/eli/dir/2024/1785/oj/eng,5 Pollution prevention and control,ANNEX_ACTIVITY,"1.5 Costs evaluated by the operat or shall be assessed by the compet ent author ity , based on inf or mation from other"
Envi ronmental benefi ts refe r red to in Ar ticle 15(6) shall be environmental benefi ts of complying with the emission,envi ronmental benefi ts refe r red to in ar ticle 15 6 shall be environmental benefi ts of complying with the emission,industrial_emissions_2024_1785,https://eur-lex.europa.eu/eli/dir/2024/1785/oj/eng,5 Pollution prevention and control,ANNEX_ACTIVITY,2.1 Envi ronmental benefi ts refe r red to in Ar ticle 15(6) shall be environmental benefi ts of complying with the emission
The evaluation of envir onmental benefi ts shall be quantitative (in monetar y te r ms) and suppor te d by a qualitative,the evaluation of envir onmental benefi ts shall be quantitative in monetar y te r ms and suppor te d by a qualitative,industrial_emissions_2024_1785,https://eur-lex.europa.eu/eli/dir/2024/1785/oj/eng,5 Pollution prevention and control,ANNEX_ACTIVITY,2.2 The evaluation of envir onmental benefi ts shall be quantitative (in monetar y te r ms) and suppor te d by a qualitative
The evaluation of environmental benefits shall consider a discount rat e applied t o an y monetised benefi ts which,the evaluation of environmental benefits shall consider a discount rat e applied t o an y monetised benefi ts which,industrial_emissions_2024_1785,https://eur-lex.europa.eu/eli/dir/2024/1785/oj/eng,5 Pollution prevention and control,ANNEX_ACTIVITY,2.3 The evaluation of environmental benefits shall consider a discount rat e applied t o an y monetised benefi ts which
The application f or a deroga tion shall clearly identify the source of the environmental benefits inf or mation and the,the application f or a deroga tion shall clearly identify the source of the environmental benefits inf or mation and the,industrial_emissions_2024_1785,https://eur-lex.europa.eu/eli/dir/2024/1785/oj/eng,5 Pollution prevention and control,ANNEX_ACTIVITY,2.4 The application f or a deroga tion shall clearly identify the source of the environmental benefits inf or mation and the
"Envi ronmental benefi ts evaluate d by the operat or shall be assessed by the comp etent author ity , based on exper t",envi ronmental benefi ts evaluate d by the operat or shall be assessed by the comp etent author ity based on exper t,industrial_emissions_2024_1785,https://eur-lex.europa.eu/eli/dir/2024/1785/oj/eng,5 Pollution prevention and control,ANNEX_ACTIVITY,"2.5 Envi ronmental benefi ts evaluate d by the operat or shall be assessed by the comp etent author ity , based on exper t"
"For the pur pose of det er mining if there is a dispropor tionality , the costs of comp lying with the emission levels",for the pur pose of det er mining if there is a dispropor tionality the costs of comp lying with the emission levels,industrial_emissions_2024_1785,https://eur-lex.europa.eu/eli/dir/2024/1785/oj/eng,5 Pollution prevention and control,ANNEX_ACTIVITY,"3.1 For the pur pose of det er mining if there is a dispropor tionality , the costs of comp lying with the emission levels"
The comp ar ison mec hanism shall include the f ollowing elements:,the comp ar ison mec hanism shall include the f ollowing elements,industrial_emissions_2024_1785,https://eur-lex.europa.eu/eli/dir/2024/1785/oj/eng,5 Pollution prevention and control,ANNEX_ACTIVITY,3.2 The comp ar ison mec hanism shall include the f ollowing elements:
circular economy,circular economy,industrial_emissions_2024_1785,https://eur-lex.europa.eu/eli/dir/2024/1785/oj/eng,5 Pollution prevention and control,CONCEPT_HEADING,circular economy
Biodiversity,biodiversity,industrial_emissions_2024_1785,https://eur-lex.europa.eu/eli/dir/2024/1785/oj/eng,5 Pollution prevention and control,CONCEPT_HEADING,Biodiversity
renewable energy,renewable energy,industrial_emissions_2024_1785,https://eur-lex.europa.eu/eli/dir/2024/1785/oj/eng,5 Pollution prevention and control,CONCEPT_HEADING,renewable energy
pollution prevention and control,pollution prevention and control,industrial_emissions_2024_1785,https://eur-lex.europa.eu/eli/dir/2024/1785/oj/eng,5 Pollution prevention and control,CONCEPT_HEADING,pollution prevention and control
water reuse,water reuse,industrial_emissions_2024_1785,https://eur-lex.europa.eu/eli/dir/2024/1785/oj/eng,5 Pollution prevention and control,CONCEPT_HEADING,water reuse
pollution prevention,pollution prevention,industrial_emissions_2024_1785,https://eur-lex.europa.eu/eli/dir/2024/1785/oj/eng,5 Pollution prevention and control,CONCEPT_HEADING,pollution prevention
ecosystems,ecosystems,nature_restoration_2024_1991,https://eur-lex.europa.eu/eli/reg/2024/1991/oj/eng,6 Biodiversity and ecosystems,CONCEPT_HEADING,ecosystems
Biodiversity,biodiversity,nature_restoration_2024_1991,https://eur-lex.europa.eu/eli/reg/2024/1991/oj/eng,6 Biodiversity and ecosystems,CONCEPT_HEADING,Biodiversity
ecosystem,ecosystem,nature_restoration_2024_1991,https://eur-lex.europa.eu/eli/reg/2024/1991/oj/eng,6 Biodiversity and ecosystems,CONCEPT_HEADING,ecosystem
ecosystem restoration,ecosystem restoration,nature_restoration_2024_1991,https://eur-lex.europa.eu/eli/reg/2024/1991/oj/eng,6 Biodiversity and ecosystems,CONCEPT_HEADING,ecosystem restoration
renewable energy,renewable energy,nature_restoration_2024_1991,https://eur-lex.europa.eu/eli/reg/2024/1991/oj/eng,6 Biodiversity and ecosystems,CONCEPT_HEADING,renewable energy
carbon removal,carbon removal,nature_restoration_2024_1991,https://eur-lex.europa.eu/eli/reg/2024/1991/oj/eng,6 Biodiversity and ecosystems,CONCEPT_HEADING,carbon removal
net-zero,net zero,carbon_removals_2024_3012,https://eur-lex.europa.eu/eli/reg/2024/3012/oj/eng,1 Climate change mitigation,CONCEPT_HEADING,net-zero
ecosystems,ecosystems,carbon_removals_2024_3012,https://eur-lex.europa.eu/eli/reg/2024/3012/oj/eng,1 Climate change mitigation,CONCEPT_HEADING,ecosystems
biodiversity,biodiversity,carbon_removals_2024_3012,https://eur-lex.europa.eu/eli/reg/2024/3012/oj/eng,1 Climate change mitigation,CONCEPT_HEADING,biodiversity
carbon removal,carbon removal,carbon_removals_2024_3012,https://eur-lex.europa.eu/eli/reg/2024/3012/oj/eng,1 Climate change mitigation,CONCEPT_HEADING,carbon removal
renewable energy,renewable energy,carbon_removals_2024_3012,https://eur-lex.europa.eu/eli/reg/2024/3012/oj/eng,1 Climate change mitigation,CONCEPT_HEADING,renewable energy
transition to a circular economy,transition to a circular economy,carbon_removals_2024_3012,https://eur-lex.europa.eu/eli/reg/2024/3012/oj/eng,1 Climate change mitigation,CONCEPT_HEADING,transition to a circular economy
pollution prevention and control,pollution prevention and control,carbon_removals_2024_3012,https://eur-lex.europa.eu/eli/reg/2024/3012/oj/eng,1 Climate change mitigation,CONCEPT_HEADING,pollution prevention and control
ecosystem,ecosystem,carbon_removals_2024_3012,https://eur-lex.europa.eu/eli/reg/2024/3012/oj/eng,1 Climate change mitigation,CONCEPT_HEADING,ecosystem
"Where activities are eligible to make a substantial contr ibution to more than one objective, the codes f or all",where activities are eligible to make a substantial contr ibution to more than one objective the codes f or all,taxonomy_amendment_2026_73,https://eur-lex.europa.eu/eli/reg_del/2026/73/oj/eng,Taxonomy technical updates (not a separate vocabulary framework),ANNEX_ACTIVITY,"1.1 Where activities are eligible to make a substantial contr ibution to more than one objective, the codes f or all"
transition to a circular economy,transition to a circular economy,taxonomy_amendment_2026_73,https://eur-lex.europa.eu/eli/reg_del/2026/73/oj/eng,Taxonomy technical updates (not a separate vocabulary framework),CONCEPT_HEADING,transition to a circular economy
pollution prevention and control,pollution prevention and control,taxonomy_amendment_2026_73,https://eur-lex.europa.eu/eli/reg_del/2026/73/oj/eng,Taxonomy technical updates (not a separate vocabulary framework),CONCEPT_HEADING,pollution prevention and control
protection and restoration of biodiversity,protection and restoration of biodiversity,taxonomy_amendment_2026_73,https://eur-lex.europa.eu/eli/reg_del/2026/73/oj/eng,Taxonomy technical updates (not a separate vocabulary framework),CONCEPT_HEADING,protection and restoration of biodiversity
ecosystems,ecosystems,taxonomy_amendment_2026_73,https://eur-lex.europa.eu/eli/reg_del/2026/73/oj/eng,Taxonomy technical updates (not a separate vocabulary framework),CONCEPT_HEADING,ecosystems
pollution prevention,pollution prevention,taxonomy_amendment_2026_73,https://eur-lex.europa.eu/eli/reg_del/2026/73/oj/eng,Taxonomy technical updates (not a separate vocabulary framework),CONCEPT_HEADING,pollution prevention
Circular Economy,circular economy,taxonomy_amendment_2026_73,https://eur-lex.europa.eu/eli/reg_del/2026/73/oj/eng,Taxonomy technical updates (not a separate vocabulary framework),CONCEPT_HEADING,Circular Economy
Biodiversity,biodiversity,taxonomy_amendment_2026_73,https://eur-lex.europa.eu/eli/reg_del/2026/73/oj/eng,Taxonomy technical updates (not a separate vocabulary framework),CONCEPT_HEADING,Biodiversity
ecosystem,ecosystem,taxonomy_amendment_2026_73,https://eur-lex.europa.eu/eli/reg_del/2026/73/oj/eng,Taxonomy technical updates (not a separate vocabulary framework),CONCEPT_HEADING,ecosystem
